,total_match_number,subject_id,agent_id,original_elo_rating,updated_elo_rating,win_draw_loss,subject_ranking,agent_ranking,pairing_index,observer,notes,length_of_observations,date,cage_#,winner,loser,action,sheet_name,session_number_difference,strain,experiment_type
0,1,2.1,2.2,1000.0,1010.0,1,1,2,0,Jocelyn,,30 min,2022-09-21,2,2.1,2.2,f,CAGE2,,C57,home_cage_observation
1,1,2.2,2.1,1000.0,990.0,0,2,1,1,Jocelyn,,30 min,2022-09-21,2,2.1,2.2,f,CAGE2,,C57,home_cage_observation
2,2,2.1,2.2,1010.0,1019.4,1,1,2,0,Jocelyn,,30 min,2022-09-21,2,2.1,2.2,c,CAGE2,0.0,C57,home_cage_observation
3,2,2.2,2.1,990.0,980.6,0,2,1,1,Jocelyn,,30 min,2022-09-21,2,2.1,2.2,c,CAGE2,0.0,C57,home_cage_observation
4,3,2.1,2.4,1019.4,1028.8,1,1,2,0,Jocelyn,,30 min,2022-09-21,2,2.1,2.4,c,CAGE2,0.0,C57,home_cage_observation
5,3,2.4,2.1,1000.0,990.6,0,2,1,1,Jocelyn,,30 min,2022-09-21,2,2.1,2.4,c,CAGE2,0.0,C57,home_cage_observation
6,4,2.1,2.4,1028.8,1037.7,1,1,2,0,Jocelyn,,30 min,2022-09-21,2,2.1,2.4,f,CAGE2,0.0,C57,home_cage_observation
7,4,2.4,2.1,990.6,981.7,0,2,1,1,Jocelyn,,30 min,2022-09-21,2,2.1,2.4,f,CAGE2,0.0,C57,home_cage_observation
8,5,2.1,2.4,1037.7,1046.1,1,1,3,0,Jocelyn,,30 min,2022-09-21,2,2.1,2.4,c,CAGE2,0.0,C57,home_cage_observation
9,5,2.4,2.1,981.7,973.3,0,3,1,1,Jocelyn,,30 min,2022-09-21,2,2.1,2.4,c,CAGE2,0.0,C57,home_cage_observation
10,6,2.1,2.4,1046.1,1054.0,1,1,3,0,Jocelyn,,30 min,2022-09-21,2,2.1,2.4,f,CAGE2,0.0,C57,home_cage_observation
11,6,2.4,2.1,973.3,965.4,0,3,1,1,Jocelyn,,30 min,2022-09-21,2,2.1,2.4,f,CAGE2,0.0,C57,home_cage_observation
12,7,2.1,2.4,1054.0,1061.5,1,1,3,0,Jocelyn,,30 min,2022-09-21,2,2.1,2.4,c,CAGE2,0.0,C57,home_cage_observation
13,7,2.4,2.1,965.4,957.9,0,3,1,1,Jocelyn,,30 min,2022-09-21,2,2.1,2.4,c,CAGE2,0.0,C57,home_cage_observation
14,8,2.1,2.2,1061.5,1069.2,1,1,2,0,Jocelyn,,30 min,2022-09-21,2,2.1,2.2,c,CAGE2,0.0,C57,home_cage_observation
15,8,2.2,2.1,980.6,972.9,0,2,1,1,Jocelyn,,30 min,2022-09-21,2,2.1,2.2,c,CAGE2,0.0,C57,home_cage_observation
16,9,2.1,2.2,1069.2,1076.5,1,1,2,0,Jocelyn,,30 min,2022-09-21,2,2.1,2.2,c,CAGE2,0.0,C57,home_cage_observation
17,9,2.2,2.1,972.9,965.6,0,2,1,1,Jocelyn,,30 min,2022-09-21,2,2.1,2.2,c,CAGE2,0.0,C57,home_cage_observation
18,10,2.1,2.2,1076.5,1083.4,1,1,2,0,Jocelyn,,30 min,2022-09-21,2,2.1,2.2,f,CAGE2,0.0,C57,home_cage_observation
19,10,2.2,2.1,965.6,958.7,0,2,1,1,Jocelyn,,30 min,2022-09-21,2,2.1,2.2,f,CAGE2,0.0,C57,home_cage_observation
20,11,2.1,2.4,1083.4,1089.9,1,1,3,0,Jocelyn,,30 min,2022-09-21,2,2.1,2.4,f,CAGE2,0.0,C57,home_cage_observation
21,11,2.4,2.1,957.9,951.4,0,3,1,1,Jocelyn,,30 min,2022-09-21,2,2.1,2.4,f,CAGE2,0.0,C57,home_cage_observation
22,12,2.1,2.2,1089.9,1096.3,1,1,2,0,Jocelyn,,30 min,2022-09-21,2,2.1,2.2,f,CAGE2,0.0,C57,home_cage_observation
23,12,2.2,2.1,958.7,952.3,0,2,1,1,Jocelyn,,30 min,2022-09-21,2,2.1,2.2,f,CAGE2,0.0,C57,home_cage_observation
24,13,2.1,2.2,1096.3,1102.4,1,1,3,0,Jocelyn,,30 min,2022-09-21,2,2.1,2.2,c,CAGE2,0.0,C57,home_cage_observation
25,13,2.2,2.1,952.3,946.2,0,3,1,1,Jocelyn,,30 min,2022-09-21,2,2.1,2.2,c,CAGE2,0.0,C57,home_cage_observation
26,14,2.1,2.2,1102.4,1108.2,1,1,3,0,Jocelyn,,30 min,2022-09-21,2,2.1,2.2,f,CAGE2,0.0,C57,home_cage_observation
27,14,2.2,2.1,946.2,940.4,0,3,1,1,Jocelyn,,30 min,2022-09-21,2,2.1,2.2,f,CAGE2,0.0,C57,home_cage_observation
28,15,2.1,2.3,1108.2,1115.2,1,1,2,0,Jocelyn,,30 min,2022-09-21,2,2.1,2.3,f,CAGE2,0.0,C57,home_cage_observation
29,15,2.3,2.1,1000.0,993.0,0,2,1,1,Jocelyn,,30 min,2022-09-21,2,2.1,2.3,f,CAGE2,0.0,C57,home_cage_observation
30,16,2.1,2.3,1115.2,1121.8,1,1,2,0,Jocelyn,,30 min,2022-09-21,2,2.1,2.3,f,CAGE2,0.0,C57,home_cage_observation
31,16,2.3,2.1,993.0,986.4,0,2,1,1,Jocelyn,,30 min,2022-09-21,2,2.1,2.3,f,CAGE2,0.0,C57,home_cage_observation
32,17,2.4,2.3,951.4,962.4,1,3,2,0,Jocelyn,,30 min,2022-09-21,2,2.4,2.3,c,CAGE2,0.0,C57,home_cage_observation
33,17,2.3,2.4,986.4,975.4,0,2,3,1,Jocelyn,,30 min,2022-09-21,2,2.4,2.3,c,CAGE2,0.0,C57,home_cage_observation
34,18,2.4,2.3,962.4,972.8,1,2,3,0,Jocelyn,,30 min,2022-09-21,2,2.4,2.3,c,CAGE2,0.0,C57,home_cage_observation
35,18,2.3,2.4,975.4,965.0,0,3,2,1,Jocelyn,,30 min,2022-09-21,2,2.4,2.3,c,CAGE2,0.0,C57,home_cage_observation
36,19,2.1,2.4,1121.8,1127.8,1,1,2,0,Jocelyn,,30 min,2022-09-21,2,2.1,2.4,c,CAGE2,0.0,C57,home_cage_observation
37,19,2.4,2.1,972.8,966.8,0,2,1,1,Jocelyn,,30 min,2022-09-21,2,2.1,2.4,c,CAGE2,0.0,C57,home_cage_observation
38,20,2.1,2.4,1127.8,1133.5,1,1,3,0,Jocelyn,,30 min,2022-09-21,2,2.1,2.4,c,CAGE2,0.0,C57,home_cage_observation
39,20,2.4,2.1,966.8,961.1,0,3,1,1,Jocelyn,,30 min,2022-09-21,2,2.1,2.4,c,CAGE2,0.0,C57,home_cage_observation
40,21,2.1,2.4,1133.5,1138.9,1,1,3,0,Jocelyn,,30 min,2022-09-21,2,2.1,2.4,c,CAGE2,0.0,C57,home_cage_observation
41,21,2.4,2.1,961.1,955.7,0,3,1,1,Jocelyn,,30 min,2022-09-21,2,2.1,2.4,c,CAGE2,0.0,C57,home_cage_observation
42,22,2.1,2.3,1138.9,1144.3,1,1,2,0,Jocelyn,,30 min,2022-09-21,2,2.1,2.3,c,CAGE2,0.0,C57,home_cage_observation
43,22,2.3,2.1,965.0,959.6,0,2,1,1,Jocelyn,,30 min,2022-09-21,2,2.1,2.3,c,CAGE2,0.0,C57,home_cage_observation
44,23,2.1,2.3,1144.3,1149.4,1,1,3,0,Jocelyn,,30 min,2022-09-21,2,2.1,2.3,f,CAGE2,0.0,C57,home_cage_observation
45,23,2.3,2.1,959.6,954.5,0,3,1,1,Jocelyn,,30 min,2022-09-21,2,2.1,2.3,f,CAGE2,0.0,C57,home_cage_observation
46,24,2.1,2.3,1149.4,1154.3,1,1,3,0,Naeliz,"after Rt, not feed before, start 4:44",30 min,2022-09-23,2,2.1,2.3,c,CAGE2,1.0,C57,home_cage_observation
47,24,2.3,2.1,954.5,949.6,0,3,1,1,Naeliz,"after Rt, not feed before, start 4:44",30 min,2022-09-23,2,2.1,2.3,c,CAGE2,1.0,C57,home_cage_observation
48,25,2.3,2.4,949.6,959.8,1,2,3,0,Naeliz,"after Rt, not feed before, start 4:44",30 min,2022-09-23,2,2.3,2.4,c,CAGE2,0.0,C57,home_cage_observation
49,25,2.4,2.3,955.7,945.5,0,3,2,1,Naeliz,"after Rt, not feed before, start 4:44",30 min,2022-09-23,2,2.3,2.4,c,CAGE2,0.0,C57,home_cage_observation
50,26,2.3,2.4,959.8,969.4,1,2,4,0,Naeliz,"after Rt, not feed before, start 4:44",30 min,2022-09-23,2,2.3,2.4,c,CAGE2,0.0,C57,home_cage_observation
51,26,2.4,2.3,945.5,935.9,0,4,2,1,Naeliz,"after Rt, not feed before, start 4:44",30 min,2022-09-23,2,2.3,2.4,c,CAGE2,0.0,C57,home_cage_observation
52,27,2.3,2.4,969.4,978.4,1,2,4,0,Naeliz,"after Rt, not feed before, start 4:44",30 min,2022-09-23,2,2.3,2.4,c,CAGE2,0.0,C57,home_cage_observation
53,27,2.4,2.3,935.9,926.9,0,4,2,1,Naeliz,"after Rt, not feed before, start 4:44",30 min,2022-09-23,2,2.3,2.4,c,CAGE2,0.0,C57,home_cage_observation
54,28,2.1,2.3,1154.3,1159.6,1,1,2,0,Naeliz,"after Rt, not feed before, start 4:44",30 min,2022-09-23,2,2.1,2.3,f,CAGE2,0.0,C57,home_cage_observation
55,28,2.3,2.1,978.4,973.1,0,2,1,1,Naeliz,"after Rt, not feed before, start 4:44",30 min,2022-09-23,2,2.1,2.3,f,CAGE2,0.0,C57,home_cage_observation
56,29,2.4,2.3,926.9,938.2,1,4,2,0,Naeliz,"after Rt, not feed before, start 4:44",30 min,2022-09-23,2,2.4,2.3,f,CAGE2,0.0,C57,home_cage_observation
57,29,2.3,2.4,973.1,961.8,0,2,4,1,Naeliz,"after Rt, not feed before, start 4:44",30 min,2022-09-23,2,2.4,2.3,f,CAGE2,0.0,C57,home_cage_observation
58,30,2.1,2.3,1159.6,1164.5,1,1,2,0,Naeliz,"after Rt, not feed before, start 4:44",30 min,2022-09-23,2,2.1,2.3,c,CAGE2,0.0,C57,home_cage_observation
59,30,2.3,2.1,961.8,956.9,0,2,1,1,Naeliz,"after Rt, not feed before, start 4:44",30 min,2022-09-23,2,2.1,2.3,c,CAGE2,0.0,C57,home_cage_observation
60,31,2.1,2.3,1164.5,1169.1,1,1,2,0,Naeliz,"after Rt, not feed before, start 4:44",30 min,2022-09-23,2,2.1,2.3,f,CAGE2,0.0,C57,home_cage_observation
61,31,2.3,2.1,956.9,952.3,0,2,1,1,Naeliz,"after Rt, not feed before, start 4:44",30 min,2022-09-23,2,2.1,2.3,f,CAGE2,0.0,C57,home_cage_observation
0,1,4.3,4.1,1000.0,1010.0,1,1,2,0,Meghan,1:16PM-1:46PM; a few hours after tube test,30 min,2022-09-07,4,4.3,4.1,c,CAGE4,,CD1,home_cage_observation
1,1,4.1,4.3,1000.0,990.0,0,2,1,1,Meghan,1:16PM-1:46PM; a few hours after tube test,30 min,2022-09-07,4,4.3,4.1,c,CAGE4,,CD1,home_cage_observation
2,2,4.3,4.1,1010.0,1019.4,1,1,2,0,Meghan,1:16PM-1:46PM; a few hours after tube test,30 min,2022-09-07,4,4.3,4.1,c,CAGE4,0.0,CD1,home_cage_observation
3,2,4.1,4.3,990.0,980.6,0,2,1,1,Meghan,1:16PM-1:46PM; a few hours after tube test,30 min,2022-09-07,4,4.3,4.1,c,CAGE4,0.0,CD1,home_cage_observation
4,3,4.3,4.4,1019.4,1028.8,1,1,2,0,Meghan,1:16PM-1:46PM; a few hours after tube test,30 min,2022-09-07,4,4.3,4.4,f,CAGE4,0.0,CD1,home_cage_observation
5,3,4.4,4.3,1000.0,990.6,0,2,1,1,Meghan,1:16PM-1:46PM; a few hours after tube test,30 min,2022-09-07,4,4.3,4.4,f,CAGE4,0.0,CD1,home_cage_observation
6,4,4.3,4.1,1028.8,1037.4,1,1,3,0,Meghan,1:37-2:07PM; after 3 hours of isolation,30 min,2022-09-14,4,4.3,4.1,f,CAGE4,1.0,CD1,home_cage_observation
7,4,4.1,4.3,980.6,972.0,0,3,1,1,Meghan,1:37-2:07PM; after 3 hours of isolation,30 min,2022-09-14,4,4.3,4.1,f,CAGE4,1.0,CD1,home_cage_observation
8,5,4.3,4.1,1037.4,1045.5,1,1,3,0,Meghan,1:37-2:07PM; after 3 hours of isolation,30 min,2022-09-14,4,4.3,4.1,f,CAGE4,0.0,CD1,home_cage_observation
9,5,4.1,4.3,972.0,963.9,0,3,1,1,Meghan,1:37-2:07PM; after 3 hours of isolation,30 min,2022-09-14,4,4.3,4.1,f,CAGE4,0.0,CD1,home_cage_observation
10,6,4.3,4.2,1045.5,1054.2,1,1,2,0,Naeliz,"1:10 pm observed on left side, right after RT",30 min,2022-09-19,4,4.3,4.2,f,CAGE4,1.0,CD1,home_cage_observation
11,6,4.2,4.3,1000.0,991.3,0,2,1,1,Naeliz,"1:10 pm observed on left side, right after RT",30 min,2022-09-19,4,4.3,4.2,f,CAGE4,1.0,CD1,home_cage_observation
12,7,4.3,4.1,1054.2,1061.7,1,1,4,0,Naeliz,"1:10 pm observed on left side, right after RT",30 min,2022-09-19,4,4.3,4.1,f,CAGE4,0.0,CD1,home_cage_observation
13,7,4.1,4.3,963.9,956.4,0,4,1,1,Naeliz,"1:10 pm observed on left side, right after RT",30 min,2022-09-19,4,4.3,4.1,f,CAGE4,0.0,CD1,home_cage_observation
14,8,4.3,4.2,1061.7,1069.7,1,1,3,0,Naeliz,"1:10 pm observed on left side, right after RT",30 min,2022-09-19,4,4.3,4.2,c,CAGE4,0.0,CD1,home_cage_observation
15,8,4.2,4.3,991.3,983.3,0,3,1,1,Naeliz,"1:10 pm observed on left side, right after RT",30 min,2022-09-19,4,4.3,4.2,c,CAGE4,0.0,CD1,home_cage_observation
16,9,4.3,4.4,1069.7,1077.5,1,1,3,0,Naeliz,"1:10 pm observed on left side, right after RT",30 min,2022-09-19,4,4.3,4.4,c,CAGE4,0.0,CD1,home_cage_observation
17,9,4.4,4.3,990.6,982.8,0,3,1,1,Naeliz,"1:10 pm observed on left side, right after RT",30 min,2022-09-19,4,4.3,4.4,c,CAGE4,0.0,CD1,home_cage_observation
18,10,4.3,4.2,1077.5,1084.9,1,1,3,0,Naeliz,"1:10 pm observed on left side, right after RT",30 min,2022-09-19,4,4.3,4.2,c,CAGE4,0.0,CD1,home_cage_observation
19,10,4.2,4.3,983.3,975.9,0,3,1,1,Naeliz,"1:10 pm observed on left side, right after RT",30 min,2022-09-19,4,4.3,4.2,c,CAGE4,0.0,CD1,home_cage_observation
20,11,4.3,4.1,1084.9,1091.4,1,1,4,0,Naeliz,"1:10 pm observed on left side, right after RT",30 min,2022-09-19,4,4.3,4.1,c,CAGE4,0.0,CD1,home_cage_observation
21,11,4.1,4.3,956.4,949.9,0,4,1,1,Naeliz,"1:10 pm observed on left side, right after RT",30 min,2022-09-19,4,4.3,4.1,c,CAGE4,0.0,CD1,home_cage_observation
22,12,4.4,4.1,982.8,991.9,1,2,4,0,Naeliz,"1:10 pm observed on left side, right after RT",30 min,2022-09-19,4,4.4,4.1,f,CAGE4,0.0,CD1,home_cage_observation
23,12,4.1,4.4,949.9,940.8,0,4,2,1,Naeliz,"1:10 pm observed on left side, right after RT",30 min,2022-09-19,4,4.4,4.1,f,CAGE4,0.0,CD1,home_cage_observation
24,13,4.3,4.1,1091.4,1097.3,1,1,4,0,Naeliz,"1:10 pm observed on left side, right after RT",30 min,2022-09-19,4,4.3,4.1,c,CAGE4,0.0,CD1,home_cage_observation
25,13,4.1,4.3,940.8,934.9,0,4,1,1,Naeliz,"1:10 pm observed on left side, right after RT",30 min,2022-09-19,4,4.3,4.1,c,CAGE4,0.0,CD1,home_cage_observation
26,14,4.2,4.3,975.9,989.3,1,3,1,0,Naeliz,"1:10 pm observed on left side, right after RT",30 min,2022-09-19,4,4.2,4.3,f,CAGE4,0.0,CD1,home_cage_observation
27,14,4.3,4.2,1097.3,1083.9,0,1,3,1,Naeliz,"1:10 pm observed on left side, right after RT",30 min,2022-09-19,4,4.2,4.3,f,CAGE4,0.0,CD1,home_cage_observation
28,15,4.3,4.2,1083.9,1091.2,1,1,3,0,Naeliz,"1:10 pm observed on left side, right after RT",30 min,2022-09-19,4,4.3,4.2,c,CAGE4,0.0,CD1,home_cage_observation
29,15,4.2,4.3,989.3,982.0,0,3,1,1,Naeliz,"1:10 pm observed on left side, right after RT",30 min,2022-09-19,4,4.3,4.2,c,CAGE4,0.0,CD1,home_cage_observation
30,16,4.2,4.1,982.0,990.7,1,3,4,0,Naeliz,"1:10 pm observed on left side, right after RT",30 min,2022-09-19,4,4.2,4.1,f,CAGE4,0.0,CD1,home_cage_observation
31,16,4.1,4.2,934.9,926.2,0,4,3,1,Naeliz,"1:10 pm observed on left side, right after RT",30 min,2022-09-19,4,4.2,4.1,f,CAGE4,0.0,CD1,home_cage_observation
32,17,4.2,4.1,990.7,998.9,1,2,4,0,Naeliz,"1:10 pm observed on left side, right after RT",30 min,2022-09-19,4,4.2,4.1,f,CAGE4,0.0,CD1,home_cage_observation
33,17,4.1,4.2,926.2,918.0,0,4,2,1,Naeliz,"1:10 pm observed on left side, right after RT",30 min,2022-09-19,4,4.2,4.1,f,CAGE4,0.0,CD1,home_cage_observation
34,18,4.2,4.1,998.9,1006.6,1,2,4,0,Naeliz,"1:10 pm observed on left side, right after RT",30 min,2022-09-19,4,4.2,4.1,f,CAGE4,0.0,CD1,home_cage_observation
35,18,4.1,4.2,918.0,910.3,0,4,2,1,Naeliz,"1:10 pm observed on left side, right after RT",30 min,2022-09-19,4,4.2,4.1,f,CAGE4,0.0,CD1,home_cage_observation
36,19,4.2,4.1,1006.6,1013.9,1,2,4,0,Naeliz,"1:10 pm observed on left side, right after RT",30 min,2022-09-19,4,4.2,4.1,c,CAGE4,0.0,CD1,home_cage_observation
37,19,4.1,4.2,910.3,903.0,0,4,2,1,Naeliz,"1:10 pm observed on left side, right after RT",30 min,2022-09-19,4,4.2,4.1,c,CAGE4,0.0,CD1,home_cage_observation
38,20,4.2,4.1,1013.9,1020.8,1,2,4,0,Naeliz,"1:10 pm observed on left side, right after RT",30 min,2022-09-19,4,4.2,4.1,f,CAGE4,0.0,CD1,home_cage_observation
39,20,4.1,4.2,903.0,896.1,0,4,2,1,Naeliz,"1:10 pm observed on left side, right after RT",30 min,2022-09-19,4,4.2,4.1,f,CAGE4,0.0,CD1,home_cage_observation
40,21,4.3,4.1,1091.2,1096.1,1,1,4,0,Naeliz,"1:10 pm observed on left side, right after RT",30 min,2022-09-19,4,4.3,4.1,c,CAGE4,0.0,CD1,home_cage_observation
41,21,4.1,4.3,896.1,891.2,0,4,1,1,Naeliz,"1:10 pm observed on left side, right after RT",30 min,2022-09-19,4,4.3,4.1,c,CAGE4,0.0,CD1,home_cage_observation
42,22,4.3,4.1,1096.1,1100.8,1,1,4,0,Naeliz,"start 4:48, obs left side, after Rt before feeding",30 min ,2022-09-21,4,4.3,4.1,f,CAGE4,1.0,CD1,home_cage_observation
43,22,4.1,4.3,891.2,886.5,0,4,1,1,Naeliz,"start 4:48, obs left side, after Rt before feeding",30 min ,2022-09-21,4,4.3,4.1,f,CAGE4,1.0,CD1,home_cage_observation
44,23,4.3,4.1,1100.8,1105.3,1,1,4,0,Naeliz,"start 4:48, obs left side, after Rt before feeding",30 min ,2022-09-21,4,4.3,4.1,c,CAGE4,0.0,CD1,home_cage_observation
45,23,4.1,4.3,886.5,882.0,0,4,1,1,Naeliz,"start 4:48, obs left side, after Rt before feeding",30 min ,2022-09-21,4,4.3,4.1,c,CAGE4,0.0,CD1,home_cage_observation
46,24,4.3,4.1,1105.3,1109.6,1,1,4,0,Naeliz,"start 4:48, obs left side, after Rt before feeding",30 min ,2022-09-21,4,4.3,4.1,c,CAGE4,0.0,CD1,home_cage_observation
47,24,4.1,4.3,882.0,877.7,0,4,1,1,Naeliz,"start 4:48, obs left side, after Rt before feeding",30 min ,2022-09-21,4,4.3,4.1,c,CAGE4,0.0,CD1,home_cage_observation
48,25,4.3,4.1,1109.6,1113.8,1,1,4,0,Naeliz,"start 4:48, obs left side, after Rt before feeding",30 min ,2022-09-21,4,4.3,4.1,c,CAGE4,0.0,CD1,home_cage_observation
49,25,4.1,4.3,877.7,873.5,0,4,1,1,Naeliz,"start 4:48, obs left side, after Rt before feeding",30 min ,2022-09-21,4,4.3,4.1,c,CAGE4,0.0,CD1,home_cage_observation
50,26,4.3,4.1,1113.8,1117.8,1,1,4,0,Naeliz,"start 4:48, obs left side, after Rt before feeding",30 min ,2022-09-21,4,4.3,4.1,f,CAGE4,0.0,CD1,home_cage_observation
51,26,4.1,4.3,873.5,869.5,0,4,1,1,Naeliz,"start 4:48, obs left side, after Rt before feeding",30 min ,2022-09-21,4,4.3,4.1,f,CAGE4,0.0,CD1,home_cage_observation
52,27,4.3,4.1,1117.8,1121.7,1,1,4,0,Naeliz,"start 4:48, obs left side, after Rt before feeding",30 min ,2022-09-21,4,4.3,4.1,f,CAGE4,0.0,CD1,home_cage_observation
53,27,4.1,4.3,869.5,865.6,0,4,1,1,Naeliz,"start 4:48, obs left side, after Rt before feeding",30 min ,2022-09-21,4,4.3,4.1,f,CAGE4,0.0,CD1,home_cage_observation
54,28,4.3,4.1,1121.7,1125.4,1,1,4,0,Naeliz,"start 4:48, obs left side, after Rt before feeding",30 min ,2022-09-21,4,4.3,4.1,c,CAGE4,0.0,CD1,home_cage_observation
55,28,4.1,4.3,865.6,861.9,0,4,1,1,Naeliz,"start 4:48, obs left side, after Rt before feeding",30 min ,2022-09-21,4,4.3,4.1,c,CAGE4,0.0,CD1,home_cage_observation
56,29,4.3,4.1,1125.4,1129.0,1,1,4,0,Naeliz,"start 4:48, obs left side, after Rt before feeding",30 min ,2022-09-21,4,4.3,4.1,c,CAGE4,0.0,CD1,home_cage_observation
57,29,4.1,4.3,861.9,858.3,0,4,1,1,Naeliz,"start 4:48, obs left side, after Rt before feeding",30 min ,2022-09-21,4,4.3,4.1,c,CAGE4,0.0,CD1,home_cage_observation
58,30,4.3,4.1,1129.0,1132.5,1,1,4,0,Naeliz,"start 4:48, obs left side, after Rt before feeding",30 min ,2022-09-21,4,4.3,4.1,f,CAGE4,0.0,CD1,home_cage_observation
59,30,4.1,4.3,858.3,854.8,0,4,1,1,Naeliz,"start 4:48, obs left side, after Rt before feeding",30 min ,2022-09-21,4,4.3,4.1,f,CAGE4,0.0,CD1,home_cage_observation
60,31,4.3,4.1,1132.5,1135.9,1,1,4,0,Naeliz,"start 4:48, obs left side, after Rt before feeding",30 min ,2022-09-21,4,4.3,4.1,c,CAGE4,0.0,CD1,home_cage_observation
61,31,4.1,4.3,854.8,851.4,0,4,1,1,Naeliz,"start 4:48, obs left side, after Rt before feeding",30 min ,2022-09-21,4,4.3,4.1,c,CAGE4,0.0,CD1,home_cage_observation
62,32,4.3,4.2,1135.9,1142.7,1,1,2,0,Naeliz,"start 4:48, obs left side, after Rt before feeding",30 min ,2022-09-21,4,4.3,4.2,c,CAGE4,0.0,CD1,home_cage_observation
63,32,4.2,4.3,1020.8,1014.0,0,2,1,1,Naeliz,"start 4:48, obs left side, after Rt before feeding",30 min ,2022-09-21,4,4.3,4.2,c,CAGE4,0.0,CD1,home_cage_observation
64,33,4.3,4.1,1142.7,1145.9,1,1,4,0,Naeliz,"start 4:48, obs left side, after Rt before feeding",30 min ,2022-09-21,4,4.3,4.1,c,CAGE4,0.0,CD1,home_cage_observation
65,33,4.1,4.3,851.4,848.2,0,4,1,1,Naeliz,"start 4:48, obs left side, after Rt before feeding",30 min ,2022-09-21,4,4.3,4.1,c,CAGE4,0.0,CD1,home_cage_observation
66,34,4.3,4.1,1145.9,1149.0,1,1,4,0,Naeliz,"start 4:48, obs left side, after Rt before feeding",30 min ,2022-09-21,4,4.3,4.1,c,CAGE4,0.0,CD1,home_cage_observation
67,34,4.1,4.3,848.2,845.1,0,4,1,1,Naeliz,"start 4:48, obs left side, after Rt before feeding",30 min ,2022-09-21,4,4.3,4.1,c,CAGE4,0.0,CD1,home_cage_observation
68,35,4.2,4.4,1014.0,1023.4,1,2,3,0,Naeliz,"start 4:48, obs left side, after Rt before feeding",30 min ,2022-09-21,4,4.2,4.4,f,CAGE4,0.0,CD1,home_cage_observation
69,35,4.4,4.2,991.9,982.5,0,3,2,1,Naeliz,"start 4:48, obs left side, after Rt before feeding",30 min ,2022-09-21,4,4.2,4.4,f,CAGE4,0.0,CD1,home_cage_observation
70,36,4.4,4.2,982.5,993.7,1,3,2,0,Naeliz,"start 4:48, obs left side, after Rt before feeding",30 min ,2022-09-21,4,4.4,4.2,f,CAGE4,0.0,CD1,home_cage_observation
71,36,4.2,4.4,1023.4,1012.2,0,2,3,1,Naeliz,"start 4:48, obs left side, after Rt before feeding",30 min ,2022-09-21,4,4.4,4.2,f,CAGE4,0.0,CD1,home_cage_observation
72,37,4.2,4.4,1012.2,1021.7,1,2,3,0,Naeliz,"start 4:48, obs left side, after Rt before feeding",30 min ,2022-09-21,4,4.2,4.4,f,CAGE4,0.0,CD1,home_cage_observation
73,37,4.4,4.2,993.7,984.2,0,3,2,1,Naeliz,"start 4:48, obs left side, after Rt before feeding",30 min ,2022-09-21,4,4.2,4.4,f,CAGE4,0.0,CD1,home_cage_observation
74,38,4.4,4.1,984.2,990.4,1,3,4,0,Naeliz,"start 4:48, obs left side, after Rt before feeding",30 min ,2022-09-21,4,4.4,4.1,f,CAGE4,0.0,CD1,home_cage_observation
75,38,4.1,4.4,845.1,838.9,0,4,3,1,Naeliz,"start 4:48, obs left side, after Rt before feeding",30 min ,2022-09-21,4,4.4,4.1,f,CAGE4,0.0,CD1,home_cage_observation
76,39,4.4,4.1,990.4,996.3,1,3,4,0,Naeliz,"start 4:48, obs left side, after Rt before feeding",30 min ,2022-09-21,4,4.4,4.1,c,CAGE4,0.0,CD1,home_cage_observation
77,39,4.1,4.4,838.9,833.0,0,4,3,1,Naeliz,"start 4:48, obs left side, after Rt before feeding",30 min ,2022-09-21,4,4.4,4.1,c,CAGE4,0.0,CD1,home_cage_observation
78,40,4.4,4.3,996.3,1010.4,1,3,1,0,Naeliz,"start 4:48, obs left side, after Rt before feeding",30 min ,2022-09-21,4,4.4,4.3,f,CAGE4,0.0,CD1,home_cage_observation
79,40,4.3,4.4,1149.0,1134.9,0,1,3,1,Naeliz,"start 4:48, obs left side, after Rt before feeding",30 min ,2022-09-21,4,4.4,4.3,f,CAGE4,0.0,CD1,home_cage_observation
80,41,4.4,4.3,1010.4,1023.8,1,2,1,0,Naeliz,"start 4:48, obs left side, after Rt before feeding",30 min ,2022-09-21,4,4.4,4.3,c,CAGE4,0.0,CD1,home_cage_observation
81,41,4.3,4.4,1134.9,1121.5,0,1,2,1,Naeliz,"start 4:48, obs left side, after Rt before feeding",30 min ,2022-09-21,4,4.4,4.3,c,CAGE4,0.0,CD1,home_cage_observation
82,42,4.3,4.1,1121.5,1124.7,1,1,4,0,Naeliz,"start 4:48, obs left side, after Rt before feeding",30 min ,2022-09-21,4,4.3,4.1,f,CAGE4,0.0,CD1,home_cage_observation
83,42,4.1,4.3,833.0,829.8,0,4,1,1,Naeliz,"start 4:48, obs left side, after Rt before feeding",30 min ,2022-09-21,4,4.3,4.1,f,CAGE4,0.0,CD1,home_cage_observation
84,43,4.2,4.3,1021.7,1034.6,1,2,1,0,Naeliz,"start 4:48, obs left side, after Rt before feeding",30 min ,2022-09-21,4,4.2,4.3,c,CAGE4,0.0,CD1,home_cage_observation
85,43,4.3,4.2,1124.7,1111.8,0,1,2,1,Naeliz,"start 4:48, obs left side, after Rt before feeding",30 min ,2022-09-21,4,4.2,4.3,c,CAGE4,0.0,CD1,home_cage_observation
86,44,4.2,4.3,1034.6,1046.8,1,2,1,0,Naeliz,"start 4:48, obs left side, after Rt before feeding",30 min ,2022-09-21,4,4.2,4.3,c,CAGE4,0.0,CD1,home_cage_observation
87,44,4.3,4.2,1111.8,1099.6,0,1,2,1,Naeliz,"start 4:48, obs left side, after Rt before feeding",30 min ,2022-09-21,4,4.2,4.3,c,CAGE4,0.0,CD1,home_cage_observation
88,45,4.2,4.3,1046.8,1058.3,1,2,1,0,Naeliz,"start 4:48, obs left side, after Rt before feeding",30 min ,2022-09-21,4,4.2,4.3,f,CAGE4,0.0,CD1,home_cage_observation
89,45,4.3,4.2,1099.6,1088.1,0,1,2,1,Naeliz,"start 4:48, obs left side, after Rt before feeding",30 min ,2022-09-21,4,4.2,4.3,f,CAGE4,0.0,CD1,home_cage_observation
90,46,4.2,4.3,1058.3,1069.2,1,2,1,0,Naeliz,"start 4:48, obs left side, after Rt before feeding",30 min ,2022-09-21,4,4.2,4.3,c,CAGE4,0.0,CD1,home_cage_observation
91,46,4.3,4.2,1088.1,1077.2,0,1,2,1,Naeliz,"start 4:48, obs left side, after Rt before feeding",30 min ,2022-09-21,4,4.2,4.3,c,CAGE4,0.0,CD1,home_cage_observation
92,47,4.3,4.1,1077.2,1081.1,1,1,4,0,Naeliz,"start 4:48, obs left side, after Rt before feeding",30 min ,2022-09-21,4,4.3,4.1,f,CAGE4,0.0,CD1,home_cage_observation
93,47,4.1,4.3,829.8,825.9,0,4,1,1,Naeliz,"start 4:48, obs left side, after Rt before feeding",30 min ,2022-09-21,4,4.3,4.1,f,CAGE4,0.0,CD1,home_cage_observation
94,48,4.3,4.1,1081.1,1084.8,1,1,4,0,Naeliz,"right after Rt, no before feed, obs left, start 12:20",30min ,2022-09-23,4,4.3,4.1,f,CAGE4,1.0,CD1,home_cage_observation
95,48,4.1,4.3,825.9,822.2,0,4,1,1,Naeliz,"right after Rt, no before feed, obs left, start 12:20",30min ,2022-09-23,4,4.3,4.1,f,CAGE4,1.0,CD1,home_cage_observation
96,49,4.3,4.1,1084.8,1088.4,1,1,4,0,Naeliz,"right after Rt, no before feed, obs left, start 12:20",30min ,2022-09-23,4,4.3,4.1,f,CAGE4,0.0,CD1,home_cage_observation
97,49,4.1,4.3,822.2,818.6,0,4,1,1,Naeliz,"right after Rt, no before feed, obs left, start 12:20",30min ,2022-09-23,4,4.3,4.1,f,CAGE4,0.0,CD1,home_cage_observation
98,50,4.3,4.1,1088.4,1091.9,1,1,4,0,Naeliz,"right after Rt, no before feed, obs left, start 12:20",30min ,2022-09-23,4,4.3,4.1,c,CAGE4,0.0,CD1,home_cage_observation
99,50,4.1,4.3,818.6,815.1,0,4,1,1,Naeliz,"right after Rt, no before feed, obs left, start 12:20",30min ,2022-09-23,4,4.3,4.1,c,CAGE4,0.0,CD1,home_cage_observation
100,51,4.3,4.1,1091.9,1095.3,1,1,4,0,Naeliz,"right after Rt, no before feed, obs left, start 12:20",30min ,2022-09-23,4,4.3,4.1,f,CAGE4,0.0,CD1,home_cage_observation
101,51,4.1,4.3,815.1,811.7,0,4,1,1,Naeliz,"right after Rt, no before feed, obs left, start 12:20",30min ,2022-09-23,4,4.3,4.1,f,CAGE4,0.0,CD1,home_cage_observation
102,52,4.3,4.1,1095.3,1098.6,1,1,4,0,Naeliz,"right after Rt, no before feed, obs left, start 12:20",30min ,2022-09-23,4,4.3,4.1,c,CAGE4,0.0,CD1,home_cage_observation
103,52,4.1,4.3,811.7,808.4,0,4,1,1,Naeliz,"right after Rt, no before feed, obs left, start 12:20",30min ,2022-09-23,4,4.3,4.1,c,CAGE4,0.0,CD1,home_cage_observation
104,53,4.3,4.1,1098.6,1101.8,1,1,4,0,Naeliz,"right after Rt, no before feed, obs left, start 12:20",30min ,2022-09-23,4,4.3,4.1,f,CAGE4,0.0,CD1,home_cage_observation
105,53,4.1,4.3,808.4,805.2,0,4,1,1,Naeliz,"right after Rt, no before feed, obs left, start 12:20",30min ,2022-09-23,4,4.3,4.1,f,CAGE4,0.0,CD1,home_cage_observation
106,54,4.3,4.1,1101.8,1104.9,1,1,4,0,Naeliz,"right after Rt, no before feed, obs left, start 12:20",30min ,2022-09-23,4,4.3,4.1,c,CAGE4,0.0,CD1,home_cage_observation
107,54,4.1,4.3,805.2,802.1,0,4,1,1,Naeliz,"right after Rt, no before feed, obs left, start 12:20",30min ,2022-09-23,4,4.3,4.1,c,CAGE4,0.0,CD1,home_cage_observation
108,55,4.3,4.1,1104.9,1107.9,1,1,4,0,Naeliz,"right after Rt, no before feed, obs left, start 12:20",30min ,2022-09-23,4,4.3,4.1,f,CAGE4,0.0,CD1,home_cage_observation
109,55,4.1,4.3,802.1,799.1,0,4,1,1,Naeliz,"right after Rt, no before feed, obs left, start 12:20",30min ,2022-09-23,4,4.3,4.1,f,CAGE4,0.0,CD1,home_cage_observation
110,56,4.3,4.1,1107.9,1110.8,1,1,4,0,Naeliz,"right after Rt, no before feed, obs left, start 12:20",30min ,2022-09-23,4,4.3,4.1,f,CAGE4,0.0,CD1,home_cage_observation
111,56,4.1,4.3,799.1,796.2,0,4,1,1,Naeliz,"right after Rt, no before feed, obs left, start 12:20",30min ,2022-09-23,4,4.3,4.1,f,CAGE4,0.0,CD1,home_cage_observation
112,57,4.2,4.3,1069.2,1080.4,1,2,1,0,Naeliz,"right after Rt, no before feed, obs left, start 12:20",30min ,2022-09-23,4,4.2,4.3,c,CAGE4,0.0,CD1,home_cage_observation
113,57,4.3,4.2,1110.8,1099.6,0,1,2,1,Naeliz,"right after Rt, no before feed, obs left, start 12:20",30min ,2022-09-23,4,4.2,4.3,c,CAGE4,0.0,CD1,home_cage_observation
114,58,4.3,4.1,1099.6,1102.6,1,1,4,0,Erika,15 mins back with #3,15 mins,2022-10-05,4,4.3,4.1,c,CAGE4,1.0,CD1,home_cage_observation
115,58,4.1,4.3,796.2,793.2,0,4,1,1,Erika,15 mins back with #3,15 mins,2022-10-05,4,4.3,4.1,c,CAGE4,1.0,CD1,home_cage_observation
116,59,4.3,4.1,1102.6,1105.5,1,1,4,0,Erika,15 mins back with #3,15 mins,2022-10-05,4,4.3,4.1,c,CAGE4,0.0,CD1,home_cage_observation
117,59,4.1,4.3,793.2,790.3,0,4,1,1,Erika,15 mins back with #3,15 mins,2022-10-05,4,4.3,4.1,c,CAGE4,0.0,CD1,home_cage_observation
118,60,4.3,4.1,1105.5,1108.3,1,1,4,0,Erika,15 mins back with #3,15 mins,2022-10-05,4,4.3,4.1,c,CAGE4,0.0,CD1,home_cage_observation
119,60,4.1,4.3,790.3,787.5,0,4,1,1,Erika,15 mins back with #3,15 mins,2022-10-05,4,4.3,4.1,c,CAGE4,0.0,CD1,home_cage_observation
120,61,4.3,4.1,1108.3,1111.0,1,1,4,0,Erika,15 mins back with #3,15 mins,2022-10-05,4,4.3,4.1,c,CAGE4,0.0,CD1,home_cage_observation
121,61,4.1,4.3,787.5,784.8,0,4,1,1,Erika,15 mins back with #3,15 mins,2022-10-05,4,4.3,4.1,c,CAGE4,0.0,CD1,home_cage_observation
0,1,5.4,5.2,1000.0,1010.0,1,1,2,0,Jocelyn,,30 min,2022-09-14,5,5.4,5.2,c,CAGE5,,CD1,home_cage_observation
1,1,5.2,5.4,1000.0,990.0,0,2,1,1,Jocelyn,,30 min,2022-09-14,5,5.4,5.2,c,CAGE5,,CD1,home_cage_observation
2,2,5.4,5.2,1010.0,1019.4,1,1,2,0,Jocelyn,,30 min,2022-09-14,5,5.4,5.2,c,CAGE5,0.0,CD1,home_cage_observation
3,2,5.2,5.4,990.0,980.6,0,2,1,1,Jocelyn,,30 min,2022-09-14,5,5.4,5.2,c,CAGE5,0.0,CD1,home_cage_observation
4,3,5.4,5.2,1019.4,1028.3,1,1,2,0,Jocelyn,,30 min,2022-09-14,5,5.4,5.2,c,CAGE5,0.0,CD1,home_cage_observation
5,3,5.2,5.4,980.6,971.7,0,2,1,1,Jocelyn,,30 min,2022-09-14,5,5.4,5.2,c,CAGE5,0.0,CD1,home_cage_observation
6,4,5.4,5.2,1028.3,1036.7,1,1,2,0,Jocelyn,,30 min,2022-09-14,5,5.4,5.2,f,CAGE5,0.0,CD1,home_cage_observation
7,4,5.2,5.4,971.7,963.3,0,2,1,1,Jocelyn,,30 min,2022-09-14,5,5.4,5.2,f,CAGE5,0.0,CD1,home_cage_observation
8,5,5.4,5.2,1036.7,1044.6,1,1,2,0,Jocelyn,,30 min,2022-09-14,5,5.4,5.2,f,CAGE5,0.0,CD1,home_cage_observation
9,5,5.2,5.4,963.3,955.4,0,2,1,1,Jocelyn,,30 min,2022-09-14,5,5.4,5.2,f,CAGE5,0.0,CD1,home_cage_observation
10,6,5.4,5.2,1044.6,1052.1,1,1,2,0,Jocelyn,,30 min,2022-09-14,5,5.4,5.2,f,CAGE5,0.0,CD1,home_cage_observation
11,6,5.2,5.4,955.4,947.9,0,2,1,1,Jocelyn,,30 min,2022-09-14,5,5.4,5.2,f,CAGE5,0.0,CD1,home_cage_observation
12,7,5.4,5.2,1052.1,1059.2,1,1,2,0,Jocelyn,,30 min,2022-09-14,5,5.4,5.2,c,CAGE5,0.0,CD1,home_cage_observation
13,7,5.2,5.4,947.9,940.8,0,2,1,1,Jocelyn,,30 min,2022-09-14,5,5.4,5.2,c,CAGE5,0.0,CD1,home_cage_observation
14,8,5.1,5.3,1000.0,1010.0,1,2,3,0,Jocelyn,,30 min,2022-09-19,5,5.1,5.3,c,CAGE5,1.0,CD1,home_cage_observation
15,8,5.3,5.1,1000.0,990.0,0,3,2,1,Jocelyn,,30 min,2022-09-19,5,5.1,5.3,c,CAGE5,1.0,CD1,home_cage_observation
16,9,5.1,5.3,1010.0,1019.4,1,2,3,0,Jocelyn,,30 min,2022-09-19,5,5.1,5.3,c,CAGE5,0.0,CD1,home_cage_observation
17,9,5.3,5.1,990.0,980.6,0,3,2,1,Jocelyn,,30 min,2022-09-19,5,5.1,5.3,c,CAGE5,0.0,CD1,home_cage_observation
18,10,5.1,5.3,1019.4,1028.3,1,2,3,0,Jocelyn,,30 min,2022-09-19,5,5.1,5.3,f,CAGE5,0.0,CD1,home_cage_observation
19,10,5.3,5.1,980.6,971.7,0,3,2,1,Jocelyn,,30 min,2022-09-19,5,5.1,5.3,f,CAGE5,0.0,CD1,home_cage_observation
20,11,5.1,5.3,1028.3,1036.7,1,2,3,0,Jocelyn,,30 min,2022-09-19,5,5.1,5.3,f,CAGE5,0.0,CD1,home_cage_observation
21,11,5.3,5.1,971.7,963.3,0,3,2,1,Jocelyn,,30 min,2022-09-19,5,5.1,5.3,f,CAGE5,0.0,CD1,home_cage_observation
22,12,5.1,5.3,1036.7,1044.6,1,2,3,0,Jocelyn,,30 min,2022-09-19,5,5.1,5.3,f,CAGE5,0.0,CD1,home_cage_observation
23,12,5.3,5.1,963.3,955.4,0,3,2,1,Jocelyn,,30 min,2022-09-19,5,5.1,5.3,f,CAGE5,0.0,CD1,home_cage_observation
24,13,5.3,5.1,955.4,967.9,1,3,2,0,Jocelyn,,30 min,2022-09-19,5,5.3,5.1,c,CAGE5,0.0,CD1,home_cage_observation
25,13,5.1,5.3,1044.6,1032.1,0,2,3,1,Jocelyn,,30 min,2022-09-19,5,5.3,5.1,c,CAGE5,0.0,CD1,home_cage_observation
26,14,5.3,5.1,967.9,979.7,1,3,2,0,Jocelyn,,30 min,2022-09-19,5,5.3,5.1,c,CAGE5,0.0,CD1,home_cage_observation
27,14,5.1,5.3,1032.1,1020.3,0,2,3,1,Jocelyn,,30 min,2022-09-19,5,5.3,5.1,c,CAGE5,0.0,CD1,home_cage_observation
28,15,5.1,5.3,1020.3,1029.1,1,2,3,0,Jocelyn,,30 min,2022-09-19,5,5.1,5.3,f,CAGE5,0.0,CD1,home_cage_observation
29,15,5.3,5.1,979.7,970.9,0,3,2,1,Jocelyn,,30 min,2022-09-19,5,5.1,5.3,f,CAGE5,0.0,CD1,home_cage_observation
30,16,5.1,5.3,1029.1,1037.4,1,2,3,0,Jocelyn,,30 min,2022-09-19,5,5.1,5.3,f,CAGE5,0.0,CD1,home_cage_observation
31,16,5.3,5.1,970.9,962.6,0,3,2,1,Jocelyn,,30 min,2022-09-19,5,5.1,5.3,f,CAGE5,0.0,CD1,home_cage_observation
32,17,5.3,5.4,962.6,975.3,1,3,1,0,Jocelyn,,30 min,2022-09-19,5,5.3,5.4,c,CAGE5,0.0,CD1,home_cage_observation
33,17,5.4,5.3,1059.2,1046.5,0,1,3,1,Jocelyn,,30 min,2022-09-19,5,5.3,5.4,c,CAGE5,0.0,CD1,home_cage_observation
34,18,5.3,5.4,975.3,987.3,1,3,2,0,Jocelyn,,30 min,2022-09-19,5,5.3,5.4,f,CAGE5,0.0,CD1,home_cage_observation
35,18,5.4,5.3,1046.5,1034.5,0,2,3,1,Jocelyn,,30 min,2022-09-19,5,5.3,5.4,f,CAGE5,0.0,CD1,home_cage_observation
36,19,5.3,5.4,987.3,998.7,1,3,2,0,Jocelyn,,30 min,2022-09-19,5,5.3,5.4,f,CAGE5,0.0,CD1,home_cage_observation
37,19,5.4,5.3,1034.5,1023.1,0,2,3,1,Jocelyn,,30 min,2022-09-19,5,5.3,5.4,f,CAGE5,0.0,CD1,home_cage_observation
38,20,5.3,5.4,998.7,1009.4,1,3,2,0,Jocelyn,,30 min,2022-09-19,5,5.3,5.4,c,CAGE5,0.0,CD1,home_cage_observation
39,20,5.4,5.3,1023.1,1012.4,0,2,3,1,Jocelyn,,30 min,2022-09-19,5,5.3,5.4,c,CAGE5,0.0,CD1,home_cage_observation
40,21,5.3,5.4,1009.4,1019.5,1,2,3,0,Jocelyn,,30 min,2022-09-19,5,5.3,5.4,f,CAGE5,0.0,CD1,home_cage_observation
41,21,5.4,5.3,1012.4,1002.3,0,3,2,1,Jocelyn,,30 min,2022-09-19,5,5.3,5.4,f,CAGE5,0.0,CD1,home_cage_observation
42,22,5.1,5.3,1037.4,1046.9,1,1,2,0,Jocelyn,,30 min,2022-09-19,5,5.1,5.3,f,CAGE5,0.0,CD1,home_cage_observation
43,22,5.3,5.1,1019.5,1010.0,0,2,1,1,Jocelyn,,30 min,2022-09-19,5,5.1,5.3,f,CAGE5,0.0,CD1,home_cage_observation
44,23,5.1,5.3,1046.9,1055.8,1,1,3,0,Jocelyn,,30 min,2022-09-19,5,5.1,5.3,f,CAGE5,0.0,CD1,home_cage_observation
45,23,5.3,5.1,1010.0,1001.1,0,3,1,1,Jocelyn,,30 min,2022-09-19,5,5.1,5.3,f,CAGE5,0.0,CD1,home_cage_observation
46,24,5.1,5.3,1055.8,1064.2,1,1,3,0,Jocelyn,,30 min,2022-09-19,5,5.1,5.3,f,CAGE5,0.0,CD1,home_cage_observation
47,24,5.3,5.1,1001.1,992.7,0,3,1,1,Jocelyn,,30 min,2022-09-19,5,5.1,5.3,f,CAGE5,0.0,CD1,home_cage_observation
48,25,5.1,5.3,1064.2,1072.2,1,1,3,0,Jocelyn,,30 min,2022-09-19,5,5.1,5.3,f,CAGE5,0.0,CD1,home_cage_observation
49,25,5.3,5.1,992.7,984.7,0,3,1,1,Jocelyn,,30 min,2022-09-19,5,5.1,5.3,f,CAGE5,0.0,CD1,home_cage_observation
50,26,5.1,5.3,1072.2,1079.7,1,1,3,0,Jocelyn,,30 min,2022-09-19,5,5.1,5.3,f,CAGE5,0.0,CD1,home_cage_observation
51,26,5.3,5.1,984.7,977.2,0,3,1,1,Jocelyn,,30 min,2022-09-19,5,5.1,5.3,f,CAGE5,0.0,CD1,home_cage_observation
52,27,5.1,5.3,1079.7,1086.8,1,1,3,0,Jocelyn,,30 min,2022-09-19,5,5.1,5.3,f,CAGE5,0.0,CD1,home_cage_observation
53,27,5.3,5.1,977.2,970.1,0,3,1,1,Jocelyn,,30 min,2022-09-19,5,5.1,5.3,f,CAGE5,0.0,CD1,home_cage_observation
54,28,5.1,5.3,1086.8,1093.6,1,1,3,0,Jocelyn,,30 min,2022-09-19,5,5.1,5.3,f,CAGE5,0.0,CD1,home_cage_observation
55,28,5.3,5.1,970.1,963.3,0,3,1,1,Jocelyn,,30 min,2022-09-19,5,5.1,5.3,f,CAGE5,0.0,CD1,home_cage_observation
56,29,5.1,5.3,1093.6,1100.0,1,1,3,0,Jocelyn,,30 min,2022-09-19,5,5.1,5.3,f,CAGE5,0.0,CD1,home_cage_observation
57,29,5.3,5.1,963.3,956.9,0,3,1,1,Jocelyn,,30 min,2022-09-19,5,5.1,5.3,f,CAGE5,0.0,CD1,home_cage_observation
58,30,5.1,5.3,1100.0,1106.1,1,1,3,0,Jocelyn,,30 min,2022-09-19,5,5.1,5.3,f,CAGE5,0.0,CD1,home_cage_observation
59,30,5.3,5.1,956.9,950.8,0,3,1,1,Jocelyn,,30 min,2022-09-19,5,5.1,5.3,f,CAGE5,0.0,CD1,home_cage_observation
60,31,5.1,5.3,1106.1,1111.9,1,1,3,0,Jocelyn,,30 min,2022-09-19,5,5.1,5.3,f,CAGE5,0.0,CD1,home_cage_observation
61,31,5.3,5.1,950.8,945.0,0,3,1,1,Jocelyn,,30 min,2022-09-19,5,5.1,5.3,f,CAGE5,0.0,CD1,home_cage_observation
62,32,5.1,5.3,1111.9,1117.4,1,1,4,0,Jocelyn,,30 min,2022-09-19,5,5.1,5.3,f,CAGE5,0.0,CD1,home_cage_observation
63,32,5.3,5.1,945.0,939.5,0,4,1,1,Jocelyn,,30 min,2022-09-19,5,5.1,5.3,f,CAGE5,0.0,CD1,home_cage_observation
64,33,5.1,5.3,1117.4,1122.7,1,1,4,0,Jocelyn,,30 min,2022-09-19,5,5.1,5.3,c,CAGE5,0.0,CD1,home_cage_observation
65,33,5.3,5.1,939.5,934.2,0,4,1,1,Jocelyn,,30 min,2022-09-19,5,5.1,5.3,c,CAGE5,0.0,CD1,home_cage_observation
66,34,5.1,5.3,1122.7,1127.8,1,1,4,0,Jocelyn,,30 min,2022-09-19,5,5.1,5.3,f,CAGE5,0.0,CD1,home_cage_observation
67,34,5.3,5.1,934.2,929.1,0,4,1,1,Jocelyn,,30 min,2022-09-19,5,5.1,5.3,f,CAGE5,0.0,CD1,home_cage_observation
68,35,5.1,5.3,1127.8,1132.6,1,1,4,0,Jocelyn,,30 min,2022-09-19,5,5.1,5.3,f,CAGE5,0.0,CD1,home_cage_observation
69,35,5.3,5.1,929.1,924.3,0,4,1,1,Jocelyn,,30 min,2022-09-19,5,5.1,5.3,f,CAGE5,0.0,CD1,home_cage_observation
70,36,5.1,5.3,1132.6,1137.2,1,1,4,0,Jocelyn,,30 min,2022-09-19,5,5.1,5.3,f,CAGE5,0.0,CD1,home_cage_observation
71,36,5.3,5.1,924.3,919.7,0,4,1,1,Jocelyn,,30 min,2022-09-19,5,5.1,5.3,f,CAGE5,0.0,CD1,home_cage_observation
72,37,5.1,5.3,1137.2,1141.6,1,1,4,0,Jocelyn,,30 min,2022-09-19,5,5.1,5.3,f,CAGE5,0.0,CD1,home_cage_observation
73,37,5.3,5.1,919.7,915.3,0,4,1,1,Jocelyn,,30 min,2022-09-19,5,5.1,5.3,f,CAGE5,0.0,CD1,home_cage_observation
74,38,5.1,5.3,1141.6,1145.9,1,1,4,0,Jocelyn,,30 min,2022-09-19,5,5.1,5.3,f,CAGE5,0.0,CD1,home_cage_observation
75,38,5.3,5.1,915.3,911.0,0,4,1,1,Jocelyn,,30 min,2022-09-19,5,5.1,5.3,f,CAGE5,0.0,CD1,home_cage_observation
76,39,5.1,5.3,1145.9,1150.0,1,1,4,0,Jocelyn,,30 min,2022-09-19,5,5.1,5.3,f,CAGE5,0.0,CD1,home_cage_observation
77,39,5.3,5.1,911.0,906.9,0,4,1,1,Jocelyn,,30 min,2022-09-19,5,5.1,5.3,f,CAGE5,0.0,CD1,home_cage_observation
78,40,5.1,5.3,1150.0,1154.0,1,1,4,0,Jocelyn,,30 min,2022-09-19,5,5.1,5.3,f,CAGE5,0.0,CD1,home_cage_observation
79,40,5.3,5.1,906.9,902.9,0,4,1,1,Jocelyn,,30 min,2022-09-19,5,5.1,5.3,f,CAGE5,0.0,CD1,home_cage_observation
80,41,5.1,5.3,1154.0,1157.8,1,1,4,0,Jocelyn,,30 min,2022-09-19,5,5.1,5.3,c,CAGE5,0.0,CD1,home_cage_observation
81,41,5.3,5.1,902.9,899.1,0,4,1,1,Jocelyn,,30 min,2022-09-19,5,5.1,5.3,c,CAGE5,0.0,CD1,home_cage_observation
82,42,5.1,5.3,1157.8,1161.5,1,1,4,0,Jocelyn,,30 min,2022-09-19,5,5.1,5.3,f,CAGE5,0.0,CD1,home_cage_observation
83,42,5.3,5.1,899.1,895.4,0,4,1,1,Jocelyn,,30 min,2022-09-19,5,5.1,5.3,f,CAGE5,0.0,CD1,home_cage_observation
84,43,5.1,5.3,1161.5,1165.1,1,1,4,0,Jocelyn,,30 min,2022-09-19,5,5.1,5.3,f,CAGE5,0.0,CD1,home_cage_observation
85,43,5.3,5.1,895.4,891.8,0,4,1,1,Jocelyn,,30 min,2022-09-19,5,5.1,5.3,f,CAGE5,0.0,CD1,home_cage_observation
86,44,5.1,5.3,1165.1,1168.5,1,1,4,0,Jocelyn,,30 min,2022-09-19,5,5.1,5.3,f,CAGE5,0.0,CD1,home_cage_observation
87,44,5.3,5.1,891.8,888.4,0,4,1,1,Jocelyn,,30 min,2022-09-19,5,5.1,5.3,f,CAGE5,0.0,CD1,home_cage_observation
88,45,5.1,5.3,1168.5,1171.8,1,1,4,0,Jocelyn,,30 min,2022-09-19,5,5.1,5.3,f,CAGE5,0.0,CD1,home_cage_observation
89,45,5.3,5.1,888.4,885.1,0,4,1,1,Jocelyn,,30 min,2022-09-19,5,5.1,5.3,f,CAGE5,0.0,CD1,home_cage_observation
90,46,5.1,5.3,1171.8,1175.0,1,1,4,0,Jocelyn,,30 min,2022-09-19,5,5.1,5.3,f,CAGE5,0.0,CD1,home_cage_observation
91,46,5.3,5.1,885.1,881.9,0,4,1,1,Jocelyn,,30 min,2022-09-19,5,5.1,5.3,f,CAGE5,0.0,CD1,home_cage_observation
92,47,5.1,5.3,1175.0,1178.1,1,1,4,0,Jocelyn,,30 min,2022-09-19,5,5.1,5.3,f,CAGE5,0.0,CD1,home_cage_observation
93,47,5.3,5.1,881.9,878.8,0,4,1,1,Jocelyn,,30 min,2022-09-19,5,5.1,5.3,f,CAGE5,0.0,CD1,home_cage_observation
94,48,5.1,5.3,1178.1,1181.1,1,1,4,0,Jocelyn,,30 min,2022-09-19,5,5.1,5.3,f,CAGE5,0.0,CD1,home_cage_observation
95,48,5.3,5.1,878.8,875.8,0,4,1,1,Jocelyn,,30 min,2022-09-19,5,5.1,5.3,f,CAGE5,0.0,CD1,home_cage_observation
96,49,5.1,5.3,1181.1,1184.0,1,1,4,0,Jocelyn,,30 min,2022-09-19,5,5.1,5.3,c,CAGE5,0.0,CD1,home_cage_observation
97,49,5.3,5.1,875.8,872.9,0,4,1,1,Jocelyn,,30 min,2022-09-19,5,5.1,5.3,c,CAGE5,0.0,CD1,home_cage_observation
98,50,5.3,5.1,872.9,890.0,1,4,1,0,Jocelyn,,30 min,2022-09-19,5,5.3,5.1,c,CAGE5,0.0,CD1,home_cage_observation
99,50,5.1,5.3,1184.0,1166.9,0,1,4,1,Jocelyn,,30 min,2022-09-19,5,5.3,5.1,c,CAGE5,0.0,CD1,home_cage_observation
100,51,5.1,5.3,1166.9,1170.3,1,1,4,0,Jocelyn,,30 min,2022-09-19,5,5.1,5.3,f,CAGE5,0.0,CD1,home_cage_observation
101,51,5.3,5.1,890.0,886.6,0,4,1,1,Jocelyn,,30 min,2022-09-19,5,5.1,5.3,f,CAGE5,0.0,CD1,home_cage_observation
102,52,5.1,5.3,1170.3,1173.6,1,1,4,0,Jocelyn,,30 min,2022-09-19,5,5.1,5.3,f,CAGE5,0.0,CD1,home_cage_observation
103,52,5.3,5.1,886.6,883.3,0,4,1,1,Jocelyn,,30 min,2022-09-19,5,5.1,5.3,f,CAGE5,0.0,CD1,home_cage_observation
104,53,5.1,5.3,1173.6,1176.8,1,1,4,0,Jocelyn,,30 min,2022-09-19,5,5.1,5.3,f,CAGE5,0.0,CD1,home_cage_observation
105,53,5.3,5.1,883.3,880.1,0,4,1,1,Jocelyn,,30 min,2022-09-19,5,5.1,5.3,f,CAGE5,0.0,CD1,home_cage_observation
106,54,5.4,5.2,1002.3,1010.5,1,2,3,0,Jocelyn,,30 mins,2022-09-21,5,5.4,5.2,f,CAGE5,1.0,CD1,home_cage_observation
107,54,5.2,5.4,940.8,932.6,0,3,2,1,Jocelyn,,30 mins,2022-09-21,5,5.4,5.2,f,CAGE5,1.0,CD1,home_cage_observation
108,55,5.2,5.4,932.6,944.8,1,3,2,0,Jocelyn,,30 mins,2022-09-21,5,5.2,5.4,f,CAGE5,0.0,CD1,home_cage_observation
109,55,5.4,5.2,1010.5,998.3,0,2,3,1,Jocelyn,,30 mins,2022-09-21,5,5.2,5.4,f,CAGE5,0.0,CD1,home_cage_observation
110,56,5.4,5.2,998.3,1006.8,1,2,3,0,Jocelyn,,30 mins,2022-09-21,5,5.4,5.2,f,CAGE5,0.0,CD1,home_cage_observation
111,56,5.2,5.4,944.8,936.3,0,3,2,1,Jocelyn,,30 mins,2022-09-21,5,5.4,5.2,f,CAGE5,0.0,CD1,home_cage_observation
112,57,5.4,5.2,1006.8,1014.8,1,2,3,0,Jocelyn,,30 mins,2022-09-21,5,5.4,5.2,f,CAGE5,0.0,CD1,home_cage_observation
113,57,5.2,5.4,936.3,928.3,0,3,2,1,Jocelyn,,30 mins,2022-09-21,5,5.4,5.2,f,CAGE5,0.0,CD1,home_cage_observation
114,58,5.2,5.4,928.3,940.7,1,3,2,0,Jocelyn,,30 mins,2022-09-21,5,5.2,5.4,f,CAGE5,0.0,CD1,home_cage_observation
115,58,5.4,5.2,1014.8,1002.4,0,2,3,1,Jocelyn,,30 mins,2022-09-21,5,5.2,5.4,f,CAGE5,0.0,CD1,home_cage_observation
116,59,5.4,5.2,1002.4,1010.6,1,2,3,0,Jocelyn,,30 mins,2022-09-21,5,5.4,5.2,f,CAGE5,0.0,CD1,home_cage_observation
117,59,5.2,5.4,940.7,932.5,0,3,2,1,Jocelyn,,30 mins,2022-09-21,5,5.4,5.2,f,CAGE5,0.0,CD1,home_cage_observation
118,60,5.4,5.2,1010.6,1018.4,1,2,3,0,Jocelyn,,30 mins,2022-09-21,5,5.4,5.2,f,CAGE5,0.0,CD1,home_cage_observation
119,60,5.2,5.4,932.5,924.7,0,3,2,1,Jocelyn,,30 mins,2022-09-21,5,5.4,5.2,f,CAGE5,0.0,CD1,home_cage_observation
120,61,5.4,5.2,1018.4,1025.8,1,2,3,0,Jocelyn,,30 mins,2022-09-23,5,5.4,5.2,f,CAGE5,1.0,CD1,home_cage_observation
121,61,5.2,5.4,924.7,917.3,0,3,2,1,Jocelyn,,30 mins,2022-09-23,5,5.4,5.2,f,CAGE5,1.0,CD1,home_cage_observation
122,62,5.4,5.2,1025.8,1032.8,1,2,3,0,Jocelyn,,30 mins,2022-09-23,5,5.4,5.2,f,CAGE5,0.0,CD1,home_cage_observation
123,62,5.2,5.4,917.3,910.3,0,3,2,1,Jocelyn,,30 mins,2022-09-23,5,5.4,5.2,f,CAGE5,0.0,CD1,home_cage_observation
124,63,5.4,5.3,1032.8,1038.7,1,2,4,0,Jocelyn,,30 mins,2022-09-23,5,5.4,5.3,c,CAGE5,0.0,CD1,home_cage_observation
125,63,5.3,5.4,880.1,874.2,0,4,2,1,Jocelyn,,30 mins,2022-09-23,5,5.4,5.3,c,CAGE5,0.0,CD1,home_cage_observation
126,64,5.1,5.3,1176.8,1179.8,1,1,4,0,Jocelyn,,30 mins,2022-09-23,5,5.1,5.3,c,CAGE5,0.0,CD1,home_cage_observation
127,64,5.3,5.1,874.2,871.2,0,4,1,1,Jocelyn,,30 mins,2022-09-23,5,5.1,5.3,c,CAGE5,0.0,CD1,home_cage_observation
128,65,5.1,5.3,1179.8,1182.7,1,1,4,0,Jocelyn,,30 mins,2022-09-23,5,5.1,5.3,f,CAGE5,0.0,CD1,home_cage_observation
129,65,5.3,5.1,871.2,868.3,0,4,1,1,Jocelyn,,30 mins,2022-09-23,5,5.1,5.3,f,CAGE5,0.0,CD1,home_cage_observation
130,66,5.1,5.3,1182.7,1185.5,1,1,4,0,Jocelyn,,30 mins,2022-09-23,5,5.1,5.3,c,CAGE5,0.0,CD1,home_cage_observation
131,66,5.3,5.1,868.3,865.5,0,4,1,1,Jocelyn,,30 mins,2022-09-23,5,5.1,5.3,c,CAGE5,0.0,CD1,home_cage_observation
132,67,5.1,5.3,1185.5,1188.2,1,1,4,0,Jocelyn,,30 mins,2022-09-23,5,5.1,5.3,f,CAGE5,0.0,CD1,home_cage_observation
133,67,5.3,5.1,865.5,862.8,0,4,1,1,Jocelyn,,30 mins,2022-09-23,5,5.1,5.3,f,CAGE5,0.0,CD1,home_cage_observation
134,68,5.2,5.4,910.3,923.8,1,3,2,0,Jocelyn,30 mins without #1,30 mins,2022-10-05,5,5.2,5.4,f,CAGE5,1.0,CD1,home_cage_observation
135,68,5.4,5.2,1038.7,1025.2,0,2,3,1,Jocelyn,30 mins without #1,30 mins,2022-10-05,5,5.2,5.4,f,CAGE5,1.0,CD1,home_cage_observation
136,69,5.2,5.4,923.8,936.6,1,3,2,0,Jocelyn,30 mins without #1,30 mins,2022-10-05,5,5.2,5.4,f,CAGE5,0.0,CD1,home_cage_observation
137,69,5.4,5.2,1025.2,1012.4,0,2,3,1,Jocelyn,30 mins without #1,30 mins,2022-10-05,5,5.2,5.4,f,CAGE5,0.0,CD1,home_cage_observation
138,70,5.2,5.4,936.6,948.7,1,3,2,0,Jocelyn,30 mins without #1,30 mins,2022-10-05,5,5.2,5.4,f,CAGE5,0.0,CD1,home_cage_observation
139,70,5.4,5.2,1012.4,1000.3,0,2,3,1,Jocelyn,30 mins without #1,30 mins,2022-10-05,5,5.2,5.4,f,CAGE5,0.0,CD1,home_cage_observation
140,71,5.2,5.4,948.7,960.2,1,3,2,0,Jocelyn,30 mins without #1,30 mins,2022-10-05,5,5.2,5.4,c,CAGE5,0.0,CD1,home_cage_observation
141,71,5.4,5.2,1000.3,988.8,0,2,3,1,Jocelyn,30 mins without #1,30 mins,2022-10-05,5,5.2,5.4,c,CAGE5,0.0,CD1,home_cage_observation
142,72,5.2,5.4,960.2,971.0,1,3,2,0,Jocelyn,30 mins without #1,30 mins,2022-10-05,5,5.2,5.4,f,CAGE5,0.0,CD1,home_cage_observation
143,72,5.4,5.2,988.8,978.0,0,2,3,1,Jocelyn,30 mins without #1,30 mins,2022-10-05,5,5.2,5.4,f,CAGE5,0.0,CD1,home_cage_observation
144,73,5.2,5.4,971.0,981.2,1,2,3,0,Jocelyn,30 mins without #1,30 mins,2022-10-05,5,5.2,5.4,f,CAGE5,0.0,CD1,home_cage_observation
145,73,5.4,5.2,978.0,967.8,0,3,2,1,Jocelyn,30 mins without #1,30 mins,2022-10-05,5,5.2,5.4,f,CAGE5,0.0,CD1,home_cage_observation
146,74,5.2,5.4,981.2,990.8,1,2,3,0,Jocelyn,30 mins without #1,30 mins,2022-10-05,5,5.2,5.4,f,CAGE5,0.0,CD1,home_cage_observation
147,74,5.4,5.2,967.8,958.2,0,3,2,1,Jocelyn,30 mins without #1,30 mins,2022-10-05,5,5.2,5.4,f,CAGE5,0.0,CD1,home_cage_observation
148,75,5.2,5.4,990.8,999.9,1,2,3,0,Jocelyn,30 mins without #1,30 mins,2022-10-05,5,5.2,5.4,f,CAGE5,0.0,CD1,home_cage_observation
149,75,5.4,5.2,958.2,949.1,0,3,2,1,Jocelyn,30 mins without #1,30 mins,2022-10-05,5,5.2,5.4,f,CAGE5,0.0,CD1,home_cage_observation
150,76,5.2,5.4,999.9,1008.4,1,2,3,0,Jocelyn,30 mins without #1,30 mins,2022-10-05,5,5.2,5.4,f,CAGE5,0.0,CD1,home_cage_observation
151,76,5.4,5.2,949.1,940.6,0,3,2,1,Jocelyn,30 mins without #1,30 mins,2022-10-05,5,5.2,5.4,f,CAGE5,0.0,CD1,home_cage_observation
152,77,5.1,5.3,1188.2,1190.9,1,1,4,0,Jocelyn,15 extra minutes after #1 returns,15 mins,2022-10-05,5,5.1,5.3,f,CAGE5,0.0,CD1,home_cage_observation
153,77,5.3,5.1,862.8,860.1,0,4,1,1,Jocelyn,15 extra minutes after #1 returns,15 mins,2022-10-05,5,5.1,5.3,f,CAGE5,0.0,CD1,home_cage_observation
154,78,5.1,5.3,1190.9,1193.5,1,1,4,0,Jocelyn,15 extra minutes after #1 returns,15 mins,2022-10-05,5,5.1,5.3,c,CAGE5,0.0,CD1,home_cage_observation
155,78,5.3,5.1,860.1,857.5,0,4,1,1,Jocelyn,15 extra minutes after #1 returns,15 mins,2022-10-05,5,5.1,5.3,c,CAGE5,0.0,CD1,home_cage_observation
156,79,5.1,5.3,1193.5,1196.0,1,1,4,0,Jocelyn,15 extra minutes after #1 returns,15 mins,2022-10-05,5,5.1,5.3,f,CAGE5,0.0,CD1,home_cage_observation
157,79,5.3,5.1,857.5,855.0,0,4,1,1,Jocelyn,15 extra minutes after #1 returns,15 mins,2022-10-05,5,5.1,5.3,f,CAGE5,0.0,CD1,home_cage_observation
158,80,5.1,5.3,1196.0,1198.5,1,1,4,0,Jocelyn,15 extra minutes after #1 returns,15 mins,2022-10-05,5,5.1,5.3,c,CAGE5,0.0,CD1,home_cage_observation
159,80,5.3,5.1,855.0,852.5,0,4,1,1,Jocelyn,15 extra minutes after #1 returns,15 mins,2022-10-05,5,5.1,5.3,c,CAGE5,0.0,CD1,home_cage_observation
