,rc_tuple_animal_id,rc_winner,rc_loser,rc_average_number_of_switches,rc_winner_no_ties,rc_loser_no_ties,rc_averaged_winner,rc_averaged_loser,rc_averaged_winner_win_count,rc_averaged_loser_win_count,rc_tie_count,rc_all_match_count_including_ties,rc_averaged_winner_win_count_minus_loser_win_count,rc_win_to_win_plus_lost_ratio,rc_win_to_all_ratio,rc_is_win_to_win_and_loss_ratio_tie,rc_tie_to_all_ratio,processed_cage_number
0,"('1.1', '1.2')","['1.1', '1.2', '1.2', '1.1', 'tie', '1.1', '1.1', 'tie', '1.1', '1.2', 'tie', '1.2', '1.1', 'tie', '1.2', '1.2', '1.2', '1.2', '1.2', '1.1', '1.1', '1.1', '1.1', '1.1', 'tie', '1.1', '1.1', '1.1', '1.1', '1.1', '1.1', '1.1', '1.1', '1.1', '1.1', '1.1', '1.1', '1.1']","['1.2', '1.1', '1.1', '1.2', 'tie', '1.2', '1.2', 'tie', '1.2', '1.1', 'tie', '1.1', '1.2', 'tie', '1.1', '1.1', '1.1', '1.1', '1.1', '1.2', '1.2', '1.2', '1.2', '1.2', 'tie', '1.2', '1.2', '1.2', '1.2', '1.2', '1.2', '1.2', '1.2', '1.2', '1.2', '1.2', '1.2', '1.2']",2.5,"['1.1', '1.2', '1.2', '1.1', '1.1', '1.1', '1.1', '1.2', '1.2', '1.1', '1.2', '1.2', '1.2', '1.2', '1.2', '1.1', '1.1', '1.1', '1.1', '1.1', '1.1', '1.1', '1.1', '1.1', '1.1', '1.1', '1.1', '1.1', '1.1', '1.1', '1.1', '1.1', '1.1']","['1.2', '1.1', '1.1', '1.2', '1.2', '1.2', '1.2', '1.1', '1.1', '1.2', '1.1', '1.1', '1.1', '1.1', '1.1', '1.2', '1.2', '1.2', '1.2', '1.2', '1.2', '1.2', '1.2', '1.2', '1.2', '1.2', '1.2', '1.2', '1.2', '1.2', '1.2', '1.2', '1.2']",1.1,1.2,24,9,5,38,15,0.7272727272727273,0.631578947368421,False,0.13157894736842105,1
1,"('1.1', '1.3')","['1.3', '1.3', '1.3', '1.3', '1.1', '1.1', 'tie', '1.1', '1.3', '1.1', 'tie', '1.1', 'tie', '1.3', '1.3', '1.3', '1.3', 'tie', 'tie', '1.3', '1.3', 'tie', '1.3', '1.3', '1.3', '1.3', '1.1', 'tie', 'tie', '1.1', '1.3', '1.1', '1.1', '1.3', '1.1', '1.1', 'tie', '1.3']","['1.1', '1.1', '1.1', '1.1', '1.3', '1.3', 'tie', '1.3', '1.1', '1.3', 'tie', '1.3', 'tie', '1.1', '1.1', '1.1', '1.1', 'tie', 'tie', '1.1', '1.1', 'tie', '1.1', '1.1', '1.1', '1.1', '1.3', 'tie', 'tie', '1.3', '1.1', '1.3', '1.3', '1.1', '1.3', '1.3', 'tie', '1.1']",5.0,"['1.3', '1.3', '1.3', '1.3', '1.1', '1.1', '1.1', '1.3', '1.1', '1.1', '1.3', '1.3', '1.3', '1.3', '1.3', '1.3', '1.3', '1.3', '1.3', '1.3', '1.1', '1.1', '1.3', '1.1', '1.1', '1.3', '1.1', '1.1', '1.3']","['1.1', '1.1', '1.1', '1.1', '1.3', '1.3', '1.3', '1.1', '1.3', '1.3', '1.1', '1.1', '1.1', '1.1', '1.1', '1.1', '1.1', '1.1', '1.1', '1.1', '1.3', '1.3', '1.1', '1.3', '1.3', '1.1', '1.3', '1.3', '1.1']",1.3,1.1,18,11,9,38,7,0.6206896551724138,0.47368421052631576,False,0.23684210526315788,1
2,"('1.1', '1.4')","['1.4', '1.4', '1.4', '1.4', '1.4', '1.4', '1.4', '1.1', '1.1', '1.4', '1.4', '1.1', '1.4', 'tie', '1.4', '1.1', '1.1', '1.4', '1.1', '1.1', '1.1', 'tie', '1.1', '1.1', '1.1', '1.1', '1.1', '1.1', '1.1', '1.1', 'tie', 'tie', '1.1', '1.4', '1.1', '1.1', '1.1', '1.4']","['1.1', '1.1', '1.1', '1.1', '1.1', '1.1', '1.1', '1.4', '1.4', '1.1', '1.1', '1.4', '1.1', 'tie', '1.1', '1.4', '1.4', '1.1', '1.4', '1.4', '1.4', 'tie', '1.4', '1.4', '1.4', '1.4', '1.4', '1.4', '1.4', '1.4', 'tie', 'tie', '1.4', '1.1', '1.4', '1.4', '1.4', '1.1']",5.0,"['1.4', '1.4', '1.4', '1.4', '1.4', '1.4', '1.4', '1.1', '1.1', '1.4', '1.4', '1.1', '1.4', '1.4', '1.1', '1.1', '1.4', '1.1', '1.1', '1.1', '1.1', '1.1', '1.1', '1.1', '1.1', '1.1', '1.1', '1.1', '1.1', '1.4', '1.1', '1.1', '1.1', '1.4']","['1.1', '1.1', '1.1', '1.1', '1.1', '1.1', '1.1', '1.4', '1.4', '1.1', '1.1', '1.4', '1.1', '1.1', '1.4', '1.4', '1.1', '1.4', '1.4', '1.4', '1.4', '1.4', '1.4', '1.4', '1.4', '1.4', '1.4', '1.4', '1.4', '1.1', '1.4', '1.4', '1.4', '1.1']",1.1,1.4,20,14,4,38,6,0.5882352941176471,0.5263157894736842,True,0.10526315789473684,1
3,"('1.2', '1.3')","['1.3', '1.3', '1.2', 'tie', '1.2', '1.2', '1.3', '1.3', '1.3', 'tie', 'tie', '1.3', '1.3', '1.3', '1.3', '1.3', '1.3', '1.2', '1.2', '1.3', '1.3', '1.3', '1.3', '1.3', '1.2', '1.2', '1.3', '1.3', '1.3', 'tie', '1.3', '1.2', '1.2', 'tie', 'tie', 'tie', '1.2', '1.3']","['1.2', '1.2', '1.3', 'tie', '1.3', '1.3', '1.2', '1.2', '1.2', 'tie', 'tie', '1.2', '1.2', '1.2', '1.2', '1.2', '1.2', '1.3', '1.3', '1.2', '1.2', '1.2', '1.2', '1.2', '1.3', '1.3', '1.2', '1.2', '1.2', 'tie', '1.2', '1.3', '1.3', 'tie', 'tie', 'tie', '1.3', '1.2']",3.5,"['1.3', '1.3', '1.2', '1.2', '1.2', '1.3', '1.3', '1.3', '1.3', '1.3', '1.3', '1.3', '1.3', '1.3', '1.2', '1.2', '1.3', '1.3', '1.3', '1.3', '1.3', '1.2', '1.2', '1.3', '1.3', '1.3', '1.3', '1.2', '1.2', '1.2', '1.3']","['1.2', '1.2', '1.3', '1.3', '1.3', '1.2', '1.2', '1.2', '1.2', '1.2', '1.2', '1.2', '1.2', '1.2', '1.3', '1.3', '1.2', '1.2', '1.2', '1.2', '1.2', '1.3', '1.3', '1.2', '1.2', '1.2', '1.2', '1.3', '1.3', '1.3', '1.2']",1.3,1.2,21,10,7,38,11,0.6774193548387096,0.5526315789473685,False,0.18421052631578946,1
4,"('1.2', '1.4')","['1.2', '1.4', '1.4', '1.2', '1.2', '1.2', '1.2', '1.2', '1.2', '1.2', '1.2', '1.2', '1.2', '1.4', '1.2', '1.2', '1.2', '1.2', '1.2', '1.2', '1.2', '1.2', '1.4', '1.2', '1.2', '1.2', '1.2', '1.2', '1.2', '1.2', '1.2', '1.2', '1.2', '1.2', '1.2', '1.2', '1.2', '1.2']","['1.4', '1.2', '1.2', '1.4', '1.4', '1.4', '1.4', '1.4', '1.4', '1.4', '1.4', '1.4', '1.4', '1.2', '1.4', '1.4', '1.4', '1.4', '1.4', '1.4', '1.4', '1.4', '1.2', '1.4', '1.4', '1.4', '1.4', '1.4', '1.4', '1.4', '1.4', '1.4', '1.4', '1.4', '1.4', '1.4', '1.4', '1.4']",3.0,"['1.2', '1.4', '1.4', '1.2', '1.2', '1.2', '1.2', '1.2', '1.2', '1.2', '1.2', '1.2', '1.2', '1.4', '1.2', '1.2', '1.2', '1.2', '1.2', '1.2', '1.2', '1.2', '1.4', '1.2', '1.2', '1.2', '1.2', '1.2', '1.2', '1.2', '1.2', '1.2', '1.2', '1.2', '1.2', '1.2', '1.2', '1.2']","['1.4', '1.2', '1.2', '1.4', '1.4', '1.4', '1.4', '1.4', '1.4', '1.4', '1.4', '1.4', '1.4', '1.2', '1.4', '1.4', '1.4', '1.4', '1.4', '1.4', '1.4', '1.4', '1.2', '1.4', '1.4', '1.4', '1.4', '1.4', '1.4', '1.4', '1.4', '1.4', '1.4', '1.4', '1.4', '1.4', '1.4', '1.4']",1.2,1.4,34,4,0,38,30,0.8947368421052632,0.8947368421052632,False,0.0,1
5,"('1.3', '1.4')","['1.3', '1.4', '1.3', '1.4', '1.4', '1.3', '1.4', '1.3', 'tie', '1.3', '1.4', '1.4', '1.3', 'tie', '1.4', '1.3', '1.3', '1.4', 'tie', '1.3', '1.3', '1.4', '1.4', '1.4', '1.4', '1.3', '1.3', '1.3', '1.4', '1.4', '1.3', 'tie', '1.3', '1.3', '1.3', 'tie', 'tie', '1.3']","['1.4', '1.3', '1.4', '1.3', '1.3', '1.4', '1.3', '1.4', 'tie', '1.4', '1.3', '1.3', '1.4', 'tie', '1.3', '1.4', '1.4', '1.3', 'tie', '1.4', '1.4', '1.3', '1.3', '1.3', '1.3', '1.4', '1.4', '1.4', '1.3', '1.3', '1.4', 'tie', '1.4', '1.4', '1.4', 'tie', 'tie', '1.4']",7.5,"['1.3', '1.4', '1.3', '1.4', '1.4', '1.3', '1.4', '1.3', '1.3', '1.4', '1.4', '1.3', '1.4', '1.3', '1.3', '1.4', '1.3', '1.3', '1.4', '1.4', '1.4', '1.4', '1.3', '1.3', '1.3', '1.4', '1.4', '1.3', '1.3', '1.3', '1.3', '1.3']","['1.4', '1.3', '1.4', '1.3', '1.3', '1.4', '1.3', '1.4', '1.4', '1.3', '1.3', '1.4', '1.3', '1.4', '1.4', '1.3', '1.4', '1.4', '1.3', '1.3', '1.3', '1.3', '1.4', '1.4', '1.4', '1.3', '1.3', '1.4', '1.4', '1.4', '1.4', '1.4']",1.3,1.4,18,14,6,38,4,0.5625,0.47368421052631576,True,0.15789473684210525,1
6,"('2.1', '2.2')","['2.2', '2.1', '2.1', '2.1', '2.1', '2.1', '2.1', 'tie', '2.1', '2.1', '2.1', '2.1', '2.2', '2.2', '2.1', '2.2', '2.1', '2.1', '2.2', '2.2', '2.2', '2.2', 'tie', '2.2', '2.2', '2.2', '2.2', '2.2', '2.2', '2.2', '2.2', 'tie', '2.2', '2.2', '2.2', '2.2', '2.2', '2.2']","['2.1', '2.2', '2.2', '2.2', '2.2', '2.2', '2.2', 'tie', '2.2', '2.2', '2.2', '2.2', '2.1', '2.1', '2.2', '2.1', '2.2', '2.2', '2.1', '2.1', '2.1', '2.1', 'tie', '2.1', '2.1', '2.1', '2.1', '2.1', '2.1', '2.1', '2.1', 'tie', '2.1', '2.1', '2.1', '2.1', '2.1', '2.1']",3.0,"['2.2', '2.1', '2.1', '2.1', '2.1', '2.1', '2.1', '2.1', '2.1', '2.1', '2.1', '2.2', '2.2', '2.1', '2.2', '2.1', '2.1', '2.2', '2.2', '2.2', '2.2', '2.2', '2.2', '2.2', '2.2', '2.2', '2.2', '2.2', '2.2', '2.2', '2.2', '2.2', '2.2', '2.2', '2.2']","['2.1', '2.2', '2.2', '2.2', '2.2', '2.2', '2.2', '2.2', '2.2', '2.2', '2.2', '2.1', '2.1', '2.2', '2.1', '2.2', '2.2', '2.1', '2.1', '2.1', '2.1', '2.1', '2.1', '2.1', '2.1', '2.1', '2.1', '2.1', '2.1', '2.1', '2.1', '2.1', '2.1', '2.1', '2.1']",2.2,2.1,22,13,3,38,9,0.6285714285714286,0.5789473684210527,False,0.07894736842105263,2
7,"('2.1', '2.3')","['2.1', '2.1', '2.1', '2.3', '2.1', '2.1', '2.1', '2.3', '2.3', '2.3', '2.3', '2.3', '2.3', '2.1', '2.1', '2.1', '2.1', '2.1', '2.1', '2.1', '2.1', '2.1', '2.1', '2.1', '2.1', '2.1', '2.3', '2.1', 'tie', '2.1', '2.1', '2.1', 'tie', '2.1', '2.1', '2.1', '2.1', 'tie']","['2.3', '2.3', '2.3', '2.1', '2.3', '2.3', '2.3', '2.1', '2.1', '2.1', '2.1', '2.1', '2.1', '2.3', '2.3', '2.3', '2.3', '2.3', '2.3', '2.3', '2.3', '2.3', '2.3', '2.3', '2.3', '2.3', '2.1', '2.3', 'tie', '2.3', '2.3', '2.3', 'tie', '2.3', '2.3', '2.3', '2.3', 'tie']",3.0,"['2.1', '2.1', '2.1', '2.3', '2.1', '2.1', '2.1', '2.3', '2.3', '2.3', '2.3', '2.3', '2.3', '2.1', '2.1', '2.1', '2.1', '2.1', '2.1', '2.1', '2.1', '2.1', '2.1', '2.1', '2.1', '2.1', '2.3', '2.1', '2.1', '2.1', '2.1', '2.1', '2.1', '2.1', '2.1']","['2.3', '2.3', '2.3', '2.1', '2.3', '2.3', '2.3', '2.1', '2.1', '2.1', '2.1', '2.1', '2.1', '2.3', '2.3', '2.3', '2.3', '2.3', '2.3', '2.3', '2.3', '2.3', '2.3', '2.3', '2.3', '2.3', '2.1', '2.3', '2.3', '2.3', '2.3', '2.3', '2.3', '2.3', '2.3']",2.1,2.3,27,8,3,38,19,0.7714285714285715,0.7105263157894737,False,0.07894736842105263,2
8,"('2.1', '2.4')","['2.4', 'tie', '2.1', '2.4', '2.4', '2.4', '2.4', '2.4', 'tie', '2.1', '2.1', '2.1', '2.1', '2.4', '2.1', '2.1', '2.1', '2.1', '2.1', '2.1', '2.1', '2.1', '2.1', '2.1', '2.4', '2.1', '2.1', '2.1', '2.1', '2.1', '2.4', '2.1', 'tie', '2.1', '2.1', '2.1', '2.1', '2.4']","['2.1', 'tie', '2.4', '2.1', '2.1', '2.1', '2.1', '2.1', 'tie', '2.4', '2.4', '2.4', '2.4', '2.1', '2.4', '2.4', '2.4', '2.4', '2.4', '2.4', '2.4', '2.4', '2.4', '2.4', '2.1', '2.4', '2.4', '2.4', '2.4', '2.4', '2.1', '2.4', 'tie', '2.4', '2.4', '2.4', '2.4', '2.1']",5.0,"['2.4', '2.1', '2.4', '2.4', '2.4', '2.4', '2.4', '2.1', '2.1', '2.1', '2.1', '2.4', '2.1', '2.1', '2.1', '2.1', '2.1', '2.1', '2.1', '2.1', '2.1', '2.1', '2.4', '2.1', '2.1', '2.1', '2.1', '2.1', '2.4', '2.1', '2.1', '2.1', '2.1', '2.1', '2.4']","['2.1', '2.4', '2.1', '2.1', '2.1', '2.1', '2.1', '2.4', '2.4', '2.4', '2.4', '2.1', '2.4', '2.4', '2.4', '2.4', '2.4', '2.4', '2.4', '2.4', '2.4', '2.4', '2.1', '2.4', '2.4', '2.4', '2.4', '2.4', '2.1', '2.4', '2.4', '2.4', '2.4', '2.4', '2.1']",2.1,2.4,25,10,3,38,15,0.7142857142857143,0.6578947368421053,False,0.07894736842105263,2
9,"('2.2', '2.3')","['2.2', '2.2', '2.2', '2.2', '2.2', '2.2', '2.2', '2.3', '2.3', '2.3', '2.2', '2.2', '2.3', '2.2', '2.3', '2.3', '2.3', '2.3', '2.3', '2.2', '2.3', '2.3', '2.3', '2.3', '2.2', '2.3', '2.2', '2.2', 'tie', '2.3', '2.2', '2.3', 'tie', '2.2', '2.3', '2.2', '2.2', '2.2']","['2.3', '2.3', '2.3', '2.3', '2.3', '2.3', '2.3', '2.2', '2.2', '2.2', '2.3', '2.3', '2.2', '2.3', '2.2', '2.2', '2.2', '2.2', '2.2', '2.3', '2.2', '2.2', '2.2', '2.2', '2.3', '2.2', '2.3', '2.3', 'tie', '2.2', '2.3', '2.2', 'tie', '2.3', '2.2', '2.3', '2.3', '2.3']",7.5,"['2.2', '2.2', '2.2', '2.2', '2.2', '2.2', '2.2', '2.3', '2.3', '2.3', '2.2', '2.2', '2.3', '2.2', '2.3', '2.3', '2.3', '2.3', '2.3', '2.2', '2.3', '2.3', '2.3', '2.3', '2.2', '2.3', '2.2', '2.2', '2.3', '2.2', '2.3', '2.2', '2.3', '2.2', '2.2', '2.2']","['2.3', '2.3', '2.3', '2.3', '2.3', '2.3', '2.3', '2.2', '2.2', '2.2', '2.3', '2.3', '2.2', '2.3', '2.2', '2.2', '2.2', '2.2', '2.2', '2.3', '2.2', '2.2', '2.2', '2.2', '2.3', '2.2', '2.3', '2.3', '2.2', '2.3', '2.2', '2.3', '2.2', '2.3', '2.3', '2.3']",2.2,2.3,19,17,2,38,2,0.5277777777777778,0.5,True,0.05263157894736842,2
10,"('2.2', '2.4')","['2.4', '2.4', '2.2', '2.2', '2.2', '2.2', '2.2', '2.4', '2.2', '2.2', '2.2', 'tie', '2.4', 'tie', '2.4', '2.4', '2.4', '2.2', '2.4', '2.4', '2.4', '2.4', '2.2', '2.4', '2.2', '2.4', '2.4', '2.4', '2.2', '2.4', 'tie', 'tie', '2.4', '2.2', '2.2', '2.4', '2.4', '2.4']","['2.2', '2.2', '2.4', '2.4', '2.4', '2.4', '2.4', '2.2', '2.4', '2.4', '2.4', 'tie', '2.2', 'tie', '2.2', '2.2', '2.2', '2.4', '2.2', '2.2', '2.2', '2.2', '2.4', '2.2', '2.4', '2.2', '2.2', '2.2', '2.4', '2.2', 'tie', 'tie', '2.2', '2.4', '2.4', '2.2', '2.2', '2.2']",7.0,"['2.4', '2.4', '2.2', '2.2', '2.2', '2.2', '2.2', '2.4', '2.2', '2.2', '2.2', '2.4', '2.4', '2.4', '2.4', '2.2', '2.4', '2.4', '2.4', '2.4', '2.2', '2.4', '2.2', '2.4', '2.4', '2.4', '2.2', '2.4', '2.4', '2.2', '2.2', '2.4', '2.4', '2.4']","['2.2', '2.2', '2.4', '2.4', '2.4', '2.4', '2.4', '2.2', '2.4', '2.4', '2.4', '2.2', '2.2', '2.2', '2.2', '2.4', '2.2', '2.2', '2.2', '2.2', '2.4', '2.2', '2.4', '2.2', '2.2', '2.2', '2.4', '2.2', '2.2', '2.4', '2.4', '2.2', '2.2', '2.2']",2.4,2.2,20,14,4,38,6,0.5882352941176471,0.5263157894736842,True,0.10526315789473684,2
11,"('2.3', '2.4')","['2.4', '2.4', '2.4', '2.3', '2.4', '2.3', '2.3', '2.4', '2.4', '2.4', '2.4', '2.4', '2.3', '2.3', '2.4', '2.4', '2.4', '2.4', '2.3', '2.4', '2.3', '2.3', '2.3', '2.3', '2.3', '2.3', '2.3', '2.3', '2.3', '2.3', '2.3', '2.3', '2.4', '2.3', '2.3', '2.3', '2.3', 'tie']","['2.3', '2.3', '2.3', '2.4', '2.3', '2.4', '2.4', '2.3', '2.3', '2.3', '2.3', '2.3', '2.4', '2.4', '2.3', '2.3', '2.3', '2.3', '2.4', '2.3', '2.4', '2.4', '2.4', '2.4', '2.4', '2.4', '2.4', '2.4', '2.4', '2.4', '2.4', '2.4', '2.3', '2.4', '2.4', '2.4', '2.4', 'tie']",5.0,"['2.4', '2.4', '2.4', '2.3', '2.4', '2.3', '2.3', '2.4', '2.4', '2.4', '2.4', '2.4', '2.3', '2.3', '2.4', '2.4', '2.4', '2.4', '2.3', '2.4', '2.3', '2.3', '2.3', '2.3', '2.3', '2.3', '2.3', '2.3', '2.3', '2.3', '2.3', '2.3', '2.4', '2.3', '2.3', '2.3', '2.3']","['2.3', '2.3', '2.3', '2.4', '2.3', '2.4', '2.4', '2.3', '2.3', '2.3', '2.3', '2.3', '2.4', '2.4', '2.3', '2.3', '2.3', '2.3', '2.4', '2.3', '2.4', '2.4', '2.4', '2.4', '2.4', '2.4', '2.4', '2.4', '2.4', '2.4', '2.4', '2.4', '2.3', '2.4', '2.4', '2.4', '2.4']",2.3,2.4,22,15,1,38,7,0.5945945945945946,0.5789473684210527,True,0.02631578947368421,2
12,"('3.1', '3.2')","['3.2', '3.1', '3.1', '3.2', '3.2', '3.1', '3.1', '3.2', '3.2', '3.1', '3.1', '3.1', '3.1', '3.1', '3.1', '3.1', '3.1', '3.1', '3.1', '3.2', '3.2', '3.2', '3.1', '3.1', '3.1', '3.2', '3.2', '3.2', 'tie', '3.2', '3.2', '3.2', 'tie', '3.2', '3.2', '3.2', '3.2', '3.1']","['3.1', '3.2', '3.2', '3.1', '3.1', '3.2', '3.2', '3.1', '3.1', '3.2', '3.2', '3.2', '3.2', '3.2', '3.2', '3.2', '3.2', '3.2', '3.2', '3.1', '3.1', '3.1', '3.2', '3.2', '3.2', '3.1', '3.1', '3.1', 'tie', '3.1', '3.1', '3.1', 'tie', '3.1', '3.1', '3.1', '3.1', '3.2']",4.0,"['3.2', '3.1', '3.1', '3.2', '3.2', '3.1', '3.1', '3.2', '3.2', '3.1', '3.1', '3.1', '3.1', '3.1', '3.1', '3.1', '3.1', '3.1', '3.1', '3.2', '3.2', '3.2', '3.1', '3.1', '3.1', '3.2', '3.2', '3.2', '3.2', '3.2', '3.2', '3.2', '3.2', '3.2', '3.2', '3.1']","['3.1', '3.2', '3.2', '3.1', '3.1', '3.2', '3.2', '3.1', '3.1', '3.2', '3.2', '3.2', '3.2', '3.2', '3.2', '3.2', '3.2', '3.2', '3.2', '3.1', '3.1', '3.1', '3.2', '3.2', '3.2', '3.1', '3.1', '3.1', '3.1', '3.1', '3.1', '3.1', '3.1', '3.1', '3.1', '3.2']",3.2,3.1,18,18,2,38,0,0.5,0.47368421052631576,True,0.05263157894736842,3
13,"('3.1', '3.3')","['3.1', '3.1', '3.1', '3.1', '3.1', '3.1', '3.1', '3.1', '3.3', 'tie', '3.3', '3.1', '3.3', '3.3', '3.3', '3.3', '3.1', '3.3', '3.1', '3.3', '3.1', '3.1', '3.1', '3.1', '3.1', '3.1', '3.3', '3.3', '3.3', '3.3', '3.1', '3.3', '3.3', '3.1', '3.3', '3.1', '3.3', '3.3']","['3.3', '3.3', '3.3', '3.3', '3.3', '3.3', '3.3', '3.3', '3.1', 'tie', '3.1', '3.3', '3.1', '3.1', '3.1', '3.1', '3.3', '3.1', '3.3', '3.1', '3.3', '3.3', '3.3', '3.3', '3.3', '3.3', '3.1', '3.1', '3.1', '3.1', '3.3', '3.1', '3.1', '3.3', '3.1', '3.3', '3.1', '3.1']",7.0,"['3.1', '3.1', '3.1', '3.1', '3.1', '3.1', '3.1', '3.1', '3.3', '3.3', '3.1', '3.3', '3.3', '3.3', '3.3', '3.1', '3.3', '3.1', '3.3', '3.1', '3.1', '3.1', '3.1', '3.1', '3.1', '3.3', '3.3', '3.3', '3.3', '3.1', '3.3', '3.3', '3.1', '3.3', '3.1', '3.3', '3.3']","['3.3', '3.3', '3.3', '3.3', '3.3', '3.3', '3.3', '3.3', '3.1', '3.1', '3.3', '3.1', '3.1', '3.1', '3.1', '3.3', '3.1', '3.3', '3.1', '3.3', '3.3', '3.3', '3.3', '3.3', '3.3', '3.1', '3.1', '3.1', '3.1', '3.3', '3.1', '3.1', '3.3', '3.1', '3.3', '3.1', '3.1']",3.1,3.3,20,17,1,38,3,0.5405405405405406,0.5263157894736842,True,0.02631578947368421,3
14,"('3.1', '3.4')","['3.4', '3.4', '3.1', '3.4', '3.1', '3.4', '3.4', '3.4', '3.1', '3.4', '3.4', '3.1', '3.4', '3.1', '3.4', 'tie', '3.4', '3.4', '3.4', '3.4', '3.1', '3.4', '3.4', '3.1', '3.4', '3.4', '3.4', '3.4', '3.4', '3.1', '3.4', '3.4', '3.1', '3.4', '3.1', '3.4', '3.1', '3.4']","['3.1', '3.1', '3.4', '3.1', '3.4', '3.1', '3.1', '3.1', '3.4', '3.1', '3.1', '3.4', '3.1', '3.4', '3.1', 'tie', '3.1', '3.1', '3.1', '3.1', '3.4', '3.1', '3.1', '3.4', '3.1', '3.1', '3.1', '3.1', '3.1', '3.4', '3.1', '3.1', '3.4', '3.1', '3.4', '3.1', '3.4', '3.1']",11.0,"['3.4', '3.4', '3.1', '3.4', '3.1', '3.4', '3.4', '3.4', '3.1', '3.4', '3.4', '3.1', '3.4', '3.1', '3.4', '3.4', '3.4', '3.4', '3.4', '3.1', '3.4', '3.4', '3.1', '3.4', '3.4', '3.4', '3.4', '3.4', '3.1', '3.4', '3.4', '3.1', '3.4', '3.1', '3.4', '3.1', '3.4']","['3.1', '3.1', '3.4', '3.1', '3.4', '3.1', '3.1', '3.1', '3.4', '3.1', '3.1', '3.4', '3.1', '3.4', '3.1', '3.1', '3.1', '3.1', '3.1', '3.4', '3.1', '3.1', '3.4', '3.1', '3.1', '3.1', '3.1', '3.1', '3.4', '3.1', '3.1', '3.4', '3.1', '3.4', '3.1', '3.4', '3.1']",3.4,3.1,26,11,1,38,15,0.7027027027027027,0.6842105263157895,False,0.02631578947368421,3
15,"('3.2', '3.3')","['3.2', '3.3', '3.2', '3.2', '3.2', '3.2', '3.2', '3.2', '3.2', '3.2', '3.2', '3.2', '3.2', '3.2', '3.2', '3.2', '3.2', '3.2', '3.2', '3.3', '3.2', '3.3', '3.2', '3.2', '3.2', '3.2', '3.2', '3.3', 'tie', '3.2', '3.2', '3.2', '3.2', 'tie', '3.2', '3.3', '3.2', '3.3']","['3.3', '3.2', '3.3', '3.3', '3.3', '3.3', '3.3', '3.3', '3.3', '3.3', '3.3', '3.3', '3.3', '3.3', '3.3', '3.3', '3.3', '3.3', '3.3', '3.2', '3.3', '3.2', '3.3', '3.3', '3.3', '3.3', '3.3', '3.2', 'tie', '3.3', '3.3', '3.3', '3.3', 'tie', '3.3', '3.2', '3.3', '3.2']",5.0,"['3.2', '3.3', '3.2', '3.2', '3.2', '3.2', '3.2', '3.2', '3.2', '3.2', '3.2', '3.2', '3.2', '3.2', '3.2', '3.2', '3.2', '3.2', '3.2', '3.3', '3.2', '3.3', '3.2', '3.2', '3.2', '3.2', '3.2', '3.3', '3.2', '3.2', '3.2', '3.2', '3.2', '3.3', '3.2', '3.3']","['3.3', '3.2', '3.3', '3.3', '3.3', '3.3', '3.3', '3.3', '3.3', '3.3', '3.3', '3.3', '3.3', '3.3', '3.3', '3.3', '3.3', '3.3', '3.3', '3.2', '3.3', '3.2', '3.3', '3.3', '3.3', '3.3', '3.3', '3.2', '3.3', '3.3', '3.3', '3.3', '3.3', '3.2', '3.3', '3.2']",3.2,3.3,30,6,2,38,24,0.8333333333333334,0.7894736842105263,False,0.05263157894736842,3
16,"('3.2', '3.4')","['3.4', 'tie', '3.2', '3.2', '3.2', '3.2', '3.2', '3.2', '3.2', '3.2', '3.2', '3.2', '3.2', '3.4', '3.4', '3.4', '3.4', '3.2', '3.2', '3.2', '3.2', '3.2', '3.2', '3.2', '3.2', '3.2', '3.2', '3.4', '3.4', '3.4', '3.2', '3.2', '3.4', '3.4', '3.4', '3.4', '3.2', 'tie']","['3.2', 'tie', '3.4', '3.4', '3.4', '3.4', '3.4', '3.4', '3.4', '3.4', '3.4', '3.4', '3.4', '3.2', '3.2', '3.2', '3.2', '3.4', '3.4', '3.4', '3.4', '3.4', '3.4', '3.4', '3.4', '3.4', '3.4', '3.2', '3.2', '3.2', '3.4', '3.4', '3.2', '3.2', '3.2', '3.2', '3.4', 'tie']",3.5,"['3.4', '3.2', '3.2', '3.2', '3.2', '3.2', '3.2', '3.2', '3.2', '3.2', '3.2', '3.2', '3.4', '3.4', '3.4', '3.4', '3.2', '3.2', '3.2', '3.2', '3.2', '3.2', '3.2', '3.2', '3.2', '3.2', '3.4', '3.4', '3.4', '3.2', '3.2', '3.4', '3.4', '3.4', '3.4', '3.2']","['3.2', '3.4', '3.4', '3.4', '3.4', '3.4', '3.4', '3.4', '3.4', '3.4', '3.4', '3.4', '3.2', '3.2', '3.2', '3.2', '3.4', '3.4', '3.4', '3.4', '3.4', '3.4', '3.4', '3.4', '3.4', '3.4', '3.2', '3.2', '3.2', '3.4', '3.4', '3.2', '3.2', '3.2', '3.2', '3.4']",3.2,3.4,24,12,2,38,12,0.6666666666666666,0.631578947368421,False,0.05263157894736842,3
17,"('3.3', '3.4')","['3.3', '3.4', '3.4', 'tie', '3.4', '3.4', '3.4', '3.3', '3.3', 'tie', '3.3', '3.3', '3.4', '3.3', '3.3', 'tie', '3.3', '3.3', '3.3', '3.3', '3.3', '3.3', '3.4', '3.4', '3.4', '3.3', '3.3', '3.3', 'tie', '3.3', '3.4', '3.4', '3.3', '3.4', '3.3', '3.4', '3.3', '3.3']","['3.4', '3.3', '3.3', 'tie', '3.3', '3.3', '3.3', '3.4', '3.4', 'tie', '3.4', '3.4', '3.3', '3.4', '3.4', 'tie', '3.4', '3.4', '3.4', '3.4', '3.4', '3.4', '3.3', '3.3', '3.3', '3.4', '3.4', '3.4', 'tie', '3.4', '3.3', '3.3', '3.4', '3.3', '3.4', '3.3', '3.4', '3.4']",6.0,"['3.3', '3.4', '3.4', '3.4', '3.4', '3.4', '3.3', '3.3', '3.3', '3.3', '3.4', '3.3', '3.3', '3.3', '3.3', '3.3', '3.3', '3.3', '3.3', '3.4', '3.4', '3.4', '3.3', '3.3', '3.3', '3.3', '3.4', '3.4', '3.3', '3.4', '3.3', '3.4', '3.3', '3.3']","['3.4', '3.3', '3.3', '3.3', '3.3', '3.3', '3.4', '3.4', '3.4', '3.4', '3.3', '3.4', '3.4', '3.4', '3.4', '3.4', '3.4', '3.4', '3.4', '3.3', '3.3', '3.3', '3.4', '3.4', '3.4', '3.4', '3.3', '3.3', '3.4', '3.3', '3.4', '3.3', '3.4', '3.4']",3.3,3.4,21,13,4,38,8,0.6176470588235294,0.5526315789473685,False,0.10526315789473684,3
18,"('4.1', '4.2')","['4.1', '4.1', '4.2', '4.2', '4.1', '4.1', 'tie', '4.1', '4.1', '4.1', '4.1', '4.1', '4.1', '4.1', '4.1', '4.1', '4.1', '4.2', '4.2', '4.1', '4.2', '4.1', '4.1', '4.1', '4.1', '4.1', '4.1', '4.1', '4.1', '4.2', '4.1', '4.1', '4.1', '4.1', '4.1', '4.1', '4.1', '4.1']","['4.2', '4.2', '4.1', '4.1', '4.2', '4.2', 'tie', '4.2', '4.2', '4.2', '4.2', '4.2', '4.2', '4.2', '4.2', '4.2', '4.2', '4.1', '4.1', '4.2', '4.1', '4.2', '4.2', '4.2', '4.2', '4.2', '4.2', '4.2', '4.2', '4.1', '4.2', '4.2', '4.2', '4.2', '4.2', '4.2', '4.2', '4.2']",3.5,"['4.1', '4.1', '4.2', '4.2', '4.1', '4.1', '4.1', '4.1', '4.1', '4.1', '4.1', '4.1', '4.1', '4.1', '4.1', '4.1', '4.2', '4.2', '4.1', '4.2', '4.1', '4.1', '4.1', '4.1', '4.1', '4.1', '4.1', '4.1', '4.2', '4.1', '4.1', '4.1', '4.1', '4.1', '4.1', '4.1', '4.1']","['4.2', '4.2', '4.1', '4.1', '4.2', '4.2', '4.2', '4.2', '4.2', '4.2', '4.2', '4.2', '4.2', '4.2', '4.2', '4.2', '4.1', '4.1', '4.2', '4.1', '4.2', '4.2', '4.2', '4.2', '4.2', '4.2', '4.2', '4.2', '4.1', '4.2', '4.2', '4.2', '4.2', '4.2', '4.2', '4.2', '4.2']",4.1,4.2,31,6,1,38,25,0.8378378378378378,0.8157894736842105,False,0.02631578947368421,4
19,"('4.1', '4.3')","['4.1', '4.1', '4.1', '4.1', '4.1', '4.1', '4.1', '4.1', '4.3', '4.1', '4.3', '4.3', '4.3', '4.1', '4.3', '4.1', '4.1', '4.1', '4.1', '4.1', '4.3', '4.1', '4.3', '4.3', '4.3', '4.3', '4.3', '4.3', '4.3', '4.3', '4.3', '4.3', '4.3', '4.3', '4.1', '4.1', '4.1', '4.3']","['4.3', '4.3', '4.3', '4.3', '4.3', '4.3', '4.3', '4.3', '4.1', '4.3', '4.1', '4.1', '4.1', '4.3', '4.1', '4.3', '4.3', '4.3', '4.3', '4.3', '4.1', '4.3', '4.1', '4.1', '4.1', '4.1', '4.1', '4.1', '4.1', '4.1', '4.1', '4.1', '4.1', '4.1', '4.3', '4.3', '4.3', '4.1']",5.5,"['4.1', '4.1', '4.1', '4.1', '4.1', '4.1', '4.1', '4.1', '4.3', '4.1', '4.3', '4.3', '4.3', '4.1', '4.3', '4.1', '4.1', '4.1', '4.1', '4.1', '4.3', '4.1', '4.3', '4.3', '4.3', '4.3', '4.3', '4.3', '4.3', '4.3', '4.3', '4.3', '4.3', '4.3', '4.1', '4.1', '4.1', '4.3']","['4.3', '4.3', '4.3', '4.3', '4.3', '4.3', '4.3', '4.3', '4.1', '4.3', '4.1', '4.1', '4.1', '4.3', '4.1', '4.3', '4.3', '4.3', '4.3', '4.3', '4.1', '4.3', '4.1', '4.1', '4.1', '4.1', '4.1', '4.1', '4.1', '4.1', '4.1', '4.1', '4.1', '4.1', '4.3', '4.3', '4.3', '4.1']",4.1,4.3,19,19,0,38,0,0.5,0.5,True,0.0,4
20,"('4.1', '4.4')","['4.1', '4.1', '4.1', 'tie', '4.4', '4.4', 'tie', '4.1', '4.1', '4.4', '4.4', 'tie', '4.1', '4.1', 'tie', '4.4', 'tie', '4.4', '4.4', '4.4', '4.1', '4.1', 'tie', 'tie', '4.4', '4.4', 'tie', '4.4', '4.4', '4.4', '4.4', '4.4', '4.4', '4.1', '4.1', '4.4', '4.4', '4.4']","['4.4', '4.4', '4.4', 'tie', '4.1', '4.1', 'tie', '4.4', '4.4', '4.1', '4.1', 'tie', '4.4', '4.4', 'tie', '4.1', 'tie', '4.1', '4.1', '4.1', '4.4', '4.4', 'tie', 'tie', '4.1', '4.1', 'tie', '4.1', '4.1', '4.1', '4.1', '4.1', '4.1', '4.4', '4.4', '4.1', '4.1', '4.1']",4.5,"['4.1', '4.1', '4.1', '4.4', '4.4', '4.1', '4.1', '4.4', '4.4', '4.1', '4.1', '4.4', '4.4', '4.4', '4.4', '4.1', '4.1', '4.4', '4.4', '4.4', '4.4', '4.4', '4.4', '4.4', '4.4', '4.1', '4.1', '4.4', '4.4', '4.4']","['4.4', '4.4', '4.4', '4.1', '4.1', '4.4', '4.4', '4.1', '4.1', '4.4', '4.4', '4.1', '4.1', '4.1', '4.1', '4.4', '4.4', '4.1', '4.1', '4.1', '4.1', '4.1', '4.1', '4.1', '4.1', '4.4', '4.4', '4.1', '4.1', '4.1']",4.4,4.1,19,11,8,38,8,0.6333333333333333,0.5,False,0.21052631578947367,4
21,"('4.2', '4.3')","['4.2', '4.3', '4.3', '4.2', '4.2', '4.3', '4.2', '4.3', '4.2', '4.3', '4.2', '4.3', '4.3', '4.2', '4.2', '4.3', '4.2', '4.3', '4.3', '4.2', '4.3', '4.3', '4.3', '4.3', '4.3', '4.2', '4.3', '4.3', '4.3', '4.3', '4.2', '4.3', '4.2', '4.2', '4.2', '4.2', '4.2', '4.2']","['4.3', '4.2', '4.2', '4.3', '4.3', '4.2', '4.3', '4.2', '4.3', '4.2', '4.3', '4.2', '4.2', '4.3', '4.3', '4.2', '4.3', '4.2', '4.2', '4.3', '4.2', '4.2', '4.2', '4.2', '4.2', '4.3', '4.2', '4.2', '4.2', '4.2', '4.3', '4.2', '4.3', '4.3', '4.3', '4.3', '4.3', '4.3']",9.5,"['4.2', '4.3', '4.3', '4.2', '4.2', '4.3', '4.2', '4.3', '4.2', '4.3', '4.2', '4.3', '4.3', '4.2', '4.2', '4.3', '4.2', '4.3', '4.3', '4.2', '4.3', '4.3', '4.3', '4.3', '4.3', '4.2', '4.3', '4.3', '4.3', '4.3', '4.2', '4.3', '4.2', '4.2', '4.2', '4.2', '4.2', '4.2']","['4.3', '4.2', '4.2', '4.3', '4.3', '4.2', '4.3', '4.2', '4.3', '4.2', '4.3', '4.2', '4.2', '4.3', '4.3', '4.2', '4.3', '4.2', '4.2', '4.3', '4.2', '4.2', '4.2', '4.2', '4.2', '4.3', '4.2', '4.2', '4.2', '4.2', '4.3', '4.2', '4.3', '4.3', '4.3', '4.3', '4.3', '4.3']",4.3,4.2,20,18,0,38,2,0.5263157894736842,0.5263157894736842,True,0.0,4
22,"('4.2', '4.4')","['4.4', '4.4', '4.4', '4.4', '4.4', '4.4', '4.4', 'tie', '4.4', '4.2', '4.4', '4.4', '4.4', '4.2', 'tie', '4.2', '4.2', '4.2', '4.2', '4.4', '4.4', '4.4', '4.4', '4.4', '4.4', '4.4', '4.4', '4.4', '4.4', '4.4', '4.4', '4.4', '4.4', '4.4', '4.4', '4.4', '4.4', '4.4']","['4.2', '4.2', '4.2', '4.2', '4.2', '4.2', '4.2', 'tie', '4.2', '4.4', '4.2', '4.2', '4.2', '4.4', 'tie', '4.4', '4.4', '4.4', '4.4', '4.2', '4.2', '4.2', '4.2', '4.2', '4.2', '4.2', '4.2', '4.2', '4.2', '4.2', '4.2', '4.2', '4.2', '4.2', '4.2', '4.2', '4.2', '4.2']",1.5,"['4.4', '4.4', '4.4', '4.4', '4.4', '4.4', '4.4', '4.4', '4.2', '4.4', '4.4', '4.4', '4.2', '4.2', '4.2', '4.2', '4.2', '4.4', '4.4', '4.4', '4.4', '4.4', '4.4', '4.4', '4.4', '4.4', '4.4', '4.4', '4.4', '4.4', '4.4', '4.4', '4.4', '4.4', '4.4', '4.4']","['4.2', '4.2', '4.2', '4.2', '4.2', '4.2', '4.2', '4.2', '4.4', '4.2', '4.2', '4.2', '4.4', '4.4', '4.4', '4.4', '4.4', '4.2', '4.2', '4.2', '4.2', '4.2', '4.2', '4.2', '4.2', '4.2', '4.2', '4.2', '4.2', '4.2', '4.2', '4.2', '4.2', '4.2', '4.2', '4.2']",4.4,4.2,30,6,2,38,24,0.8333333333333334,0.7894736842105263,False,0.05263157894736842,4
23,"('4.3', '4.4')","['4.4', '4.4', '4.4', '4.4', '4.4', '4.3', '4.3', '4.3', '4.3', '4.4', '4.4', '4.4', '4.3', '4.3', '4.3', '4.4', '4.4', '4.3', '4.3', '4.3', '4.4', '4.4', '4.4', '4.4', 'tie', '4.3', 'tie', 'tie', 'tie', 'tie', '4.4', 'tie', '4.4', '4.4', '4.4', '4.4', '4.4', '4.4']","['4.3', '4.3', '4.3', '4.3', '4.3', '4.4', '4.4', '4.4', '4.4', '4.3', '4.3', '4.3', '4.4', '4.4', '4.4', '4.3', '4.3', '4.4', '4.4', '4.4', '4.3', '4.3', '4.3', '4.3', 'tie', '4.4', 'tie', 'tie', 'tie', 'tie', '4.3', 'tie', '4.3', '4.3', '4.3', '4.3', '4.3', '4.3']",4.0,"['4.4', '4.4', '4.4', '4.4', '4.4', '4.3', '4.3', '4.3', '4.3', '4.4', '4.4', '4.4', '4.3', '4.3', '4.3', '4.4', '4.4', '4.3', '4.3', '4.3', '4.4', '4.4', '4.4', '4.4', '4.3', '4.4', '4.4', '4.4', '4.4', '4.4', '4.4', '4.4']","['4.3', '4.3', '4.3', '4.3', '4.3', '4.4', '4.4', '4.4', '4.4', '4.3', '4.3', '4.3', '4.4', '4.4', '4.4', '4.3', '4.3', '4.4', '4.4', '4.4', '4.3', '4.3', '4.3', '4.3', '4.4', '4.3', '4.3', '4.3', '4.3', '4.3', '4.3', '4.3']",4.4,4.3,21,11,6,38,10,0.65625,0.5526315789473685,False,0.15789473684210525,4
24,"('5.1', '5.2')","['5.2', '5.1', '5.1', '5.1', '5.1', '5.1', '5.1', '5.1', '5.1', '5.1', '5.1', '5.1', '5.2', '5.1', '5.1', '5.1', '5.1', '5.1', '5.1', '5.2', '5.2', '5.2', '5.2', '5.2', '5.2', '5.2', 'tie', '5.2', '5.2', '5.2', '5.2', '5.2', '5.2', '5.2', '5.2', '5.2', '5.2', '5.2']","['5.1', '5.2', '5.2', '5.2', '5.2', '5.2', '5.2', '5.2', '5.2', '5.2', '5.2', '5.2', '5.1', '5.2', '5.2', '5.2', '5.2', '5.2', '5.2', '5.1', '5.1', '5.1', '5.1', '5.1', '5.1', '5.1', 'tie', '5.1', '5.1', '5.1', '5.1', '5.1', '5.1', '5.1', '5.1', '5.1', '5.1', '5.1']",1.5,"['5.2', '5.1', '5.1', '5.1', '5.1', '5.1', '5.1', '5.1', '5.1', '5.1', '5.1', '5.1', '5.2', '5.1', '5.1', '5.1', '5.1', '5.1', '5.1', '5.2', '5.2', '5.2', '5.2', '5.2', '5.2', '5.2', '5.2', '5.2', '5.2', '5.2', '5.2', '5.2', '5.2', '5.2', '5.2', '5.2', '5.2']","['5.1', '5.2', '5.2', '5.2', '5.2', '5.2', '5.2', '5.2', '5.2', '5.2', '5.2', '5.2', '5.1', '5.2', '5.2', '5.2', '5.2', '5.2', '5.2', '5.1', '5.1', '5.1', '5.1', '5.1', '5.1', '5.1', '5.1', '5.1', '5.1', '5.1', '5.1', '5.1', '5.1', '5.1', '5.1', '5.1', '5.1']",5.2,5.1,20,17,1,38,3,0.5405405405405406,0.5263157894736842,True,0.02631578947368421,5
25,"('5.1', '5.3')","['5.3', '5.3', '5.3', '5.3', '5.3', '5.3', '5.3', '5.3', '5.3', '5.3', '5.3', '5.3', '5.3', '5.1', '5.3', '5.3', '5.3', '5.3', '5.3', '5.3', 'tie', '5.3', '5.3', '5.3', '5.3', '5.3', '5.3', '5.3', '5.3', '5.3', '5.3', '5.3', '5.3', '5.3', '5.3', '5.3', '5.3', '5.3']","['5.1', '5.1', '5.1', '5.1', '5.1', '5.1', '5.1', '5.1', '5.1', '5.1', '5.1', '5.1', '5.1', '5.3', '5.1', '5.1', '5.1', '5.1', '5.1', '5.1', 'tie', '5.1', '5.1', '5.1', '5.1', '5.1', '5.1', '5.1', '5.1', '5.1', '5.1', '5.1', '5.1', '5.1', '5.1', '5.1', '5.1', '5.1']",1.0,"['5.3', '5.3', '5.3', '5.3', '5.3', '5.3', '5.3', '5.3', '5.3', '5.3', '5.3', '5.3', '5.3', '5.1', '5.3', '5.3', '5.3', '5.3', '5.3', '5.3', '5.3', '5.3', '5.3', '5.3', '5.3', '5.3', '5.3', '5.3', '5.3', '5.3', '5.3', '5.3', '5.3', '5.3', '5.3', '5.3', '5.3']","['5.1', '5.1', '5.1', '5.1', '5.1', '5.1', '5.1', '5.1', '5.1', '5.1', '5.1', '5.1', '5.1', '5.3', '5.1', '5.1', '5.1', '5.1', '5.1', '5.1', '5.1', '5.1', '5.1', '5.1', '5.1', '5.1', '5.1', '5.1', '5.1', '5.1', '5.1', '5.1', '5.1', '5.1', '5.1', '5.1', '5.1']",5.3,5.1,36,1,1,38,35,0.972972972972973,0.9473684210526315,False,0.02631578947368421,5
26,"('5.1', '5.4')","['5.4', 'tie', '5.4', '5.4', '5.4', '5.4', '5.4', '5.4', '5.4', '5.4', '5.4', '5.4', '5.4', '5.4', '5.4', '5.4', '5.4', '5.4', '5.4', '5.1', '5.1', '5.1', '5.1', '5.4', '5.4', '5.1', '5.1', '5.4', '5.4', '5.4', '5.4', '5.4', '5.4', '5.4', '5.4', '5.4', '5.4', '5.4']","['5.1', 'tie', '5.1', '5.1', '5.1', '5.1', '5.1', '5.1', '5.1', '5.1', '5.1', '5.1', '5.1', '5.1', '5.1', '5.1', '5.1', '5.1', '5.1', '5.4', '5.4', '5.4', '5.4', '5.1', '5.1', '5.4', '5.4', '5.1', '5.1', '5.1', '5.1', '5.1', '5.1', '5.1', '5.1', '5.1', '5.1', '5.1']",1.5,"['5.4', '5.4', '5.4', '5.4', '5.4', '5.4', '5.4', '5.4', '5.4', '5.4', '5.4', '5.4', '5.4', '5.4', '5.4', '5.4', '5.4', '5.4', '5.1', '5.1', '5.1', '5.1', '5.4', '5.4', '5.1', '5.1', '5.4', '5.4', '5.4', '5.4', '5.4', '5.4', '5.4', '5.4', '5.4', '5.4', '5.4']","['5.1', '5.1', '5.1', '5.1', '5.1', '5.1', '5.1', '5.1', '5.1', '5.1', '5.1', '5.1', '5.1', '5.1', '5.1', '5.1', '5.1', '5.1', '5.4', '5.4', '5.4', '5.4', '5.1', '5.1', '5.4', '5.4', '5.1', '5.1', '5.1', '5.1', '5.1', '5.1', '5.1', '5.1', '5.1', '5.1', '5.1']",5.4,5.1,31,6,1,38,25,0.8378378378378378,0.8157894736842105,False,0.02631578947368421,5
27,"('5.2', '5.3')","['5.3', '5.2', '5.2', '5.2', '5.2', '5.2', '5.2', '5.2', '5.2', '5.3', '5.2', '5.2', '5.2', '5.2', 'tie', '5.2', '5.2', '5.2', '5.3', '5.2', '5.2', '5.3', '5.3', '5.2', '5.2', '5.2', '5.2', '5.2', '5.2', '5.2', '5.3', 'tie', 'tie', '5.2', '5.2', '5.2', '5.2', '5.2']","['5.2', '5.3', '5.3', '5.3', '5.3', '5.3', '5.3', '5.3', '5.3', '5.2', '5.3', '5.3', '5.3', '5.3', 'tie', '5.3', '5.3', '5.3', '5.2', '5.3', '5.3', '5.2', '5.2', '5.3', '5.3', '5.3', '5.3', '5.3', '5.3', '5.3', '5.2', 'tie', 'tie', '5.3', '5.3', '5.3', '5.3', '5.3']",4.0,"['5.3', '5.2', '5.2', '5.2', '5.2', '5.2', '5.2', '5.2', '5.2', '5.3', '5.2', '5.2', '5.2', '5.2', '5.2', '5.2', '5.2', '5.3', '5.2', '5.2', '5.3', '5.3', '5.2', '5.2', '5.2', '5.2', '5.2', '5.2', '5.2', '5.3', '5.2', '5.2', '5.2', '5.2', '5.2']","['5.2', '5.3', '5.3', '5.3', '5.3', '5.3', '5.3', '5.3', '5.3', '5.2', '5.3', '5.3', '5.3', '5.3', '5.3', '5.3', '5.3', '5.2', '5.3', '5.3', '5.2', '5.2', '5.3', '5.3', '5.3', '5.3', '5.3', '5.3', '5.3', '5.2', '5.3', '5.3', '5.3', '5.3', '5.3']",5.2,5.3,29,6,3,38,23,0.8285714285714286,0.7631578947368421,False,0.07894736842105263,5
28,"('5.2', '5.4')","['5.2', '5.4', '5.2', '5.2', '5.2', '5.2', '5.2', '5.2', '5.4', '5.4', '5.2', '5.2', '5.4', '5.2', '5.2', '5.2', '5.2', '5.2', '5.2', '5.2', '5.2', '5.2', '5.2', '5.2', '5.2', '5.2', '5.2', '5.2', '5.2', '5.2', '5.2', '5.2', '5.2', '5.2', '5.2', '5.2', '5.2', '5.2']","['5.4', '5.2', '5.4', '5.4', '5.4', '5.4', '5.4', '5.4', '5.2', '5.2', '5.4', '5.4', '5.2', '5.4', '5.4', '5.4', '5.4', '5.4', '5.4', '5.4', '5.4', '5.4', '5.4', '5.4', '5.4', '5.4', '5.4', '5.4', '5.4', '5.4', '5.4', '5.4', '5.4', '5.4', '5.4', '5.4', '5.4', '5.4']",3.0,"['5.2', '5.4', '5.2', '5.2', '5.2', '5.2', '5.2', '5.2', '5.4', '5.4', '5.2', '5.2', '5.4', '5.2', '5.2', '5.2', '5.2', '5.2', '5.2', '5.2', '5.2', '5.2', '5.2', '5.2', '5.2', '5.2', '5.2', '5.2', '5.2', '5.2', '5.2', '5.2', '5.2', '5.2', '5.2', '5.2', '5.2', '5.2']","['5.4', '5.2', '5.4', '5.4', '5.4', '5.4', '5.4', '5.4', '5.2', '5.2', '5.4', '5.4', '5.2', '5.4', '5.4', '5.4', '5.4', '5.4', '5.4', '5.4', '5.4', '5.4', '5.4', '5.4', '5.4', '5.4', '5.4', '5.4', '5.4', '5.4', '5.4', '5.4', '5.4', '5.4', '5.4', '5.4', '5.4', '5.4']",5.2,5.4,34,4,0,38,30,0.8947368421052632,0.8947368421052632,False,0.0,5
29,"('5.3', '5.4')","['5.4', '5.4', '5.3', '5.3', '5.3', 'tie', '5.3', 'tie', '5.3', '5.3', '5.3', '5.3', '5.3', '5.3', '5.3', '5.3', '5.3', '5.3', '5.3', 'tie', '5.3', '5.3', '5.3', '5.3', '5.3', '5.3', '5.3', '5.3', '5.3', '5.3', '5.3', '5.3', '5.4', '5.4', '5.4', '5.4', '5.4', '5.4']","['5.3', '5.3', '5.4', '5.4', '5.4', 'tie', '5.4', 'tie', '5.4', '5.4', '5.4', '5.4', '5.4', '5.4', '5.4', '5.4', '5.4', '5.4', '5.4', 'tie', '5.4', '5.4', '5.4', '5.4', '5.4', '5.4', '5.4', '5.4', '5.4', '5.4', '5.4', '5.4', '5.3', '5.3', '5.3', '5.3', '5.3', '5.3']",1.0,"['5.4', '5.4', '5.3', '5.3', '5.3', '5.3', '5.3', '5.3', '5.3', '5.3', '5.3', '5.3', '5.3', '5.3', '5.3', '5.3', '5.3', '5.3', '5.3', '5.3', '5.3', '5.3', '5.3', '5.3', '5.3', '5.3', '5.3', '5.3', '5.3', '5.4', '5.4', '5.4', '5.4', '5.4', '5.4']","['5.3', '5.3', '5.4', '5.4', '5.4', '5.4', '5.4', '5.4', '5.4', '5.4', '5.4', '5.4', '5.4', '5.4', '5.4', '5.4', '5.4', '5.4', '5.4', '5.4', '5.4', '5.4', '5.4', '5.4', '5.4', '5.4', '5.4', '5.4', '5.4', '5.3', '5.3', '5.3', '5.3', '5.3', '5.3']",5.3,5.4,27,8,3,38,19,0.7714285714285715,0.7105263157894737,False,0.07894736842105263,5
30,"('6.1', '6.2')","['6.2', '6.2', '6.1', '6.2', '6.1', '6.2', '6.1', '6.2', '6.2', '6.2', '6.1', 'tie', 'tie', '6.1', '6.1', 'tie', '6.2', '6.1', '6.2', '6.2', '6.1', '6.2', '6.1', '6.1', '6.1', '6.1', '6.1', '6.1', '6.1', '6.1', '6.2', '6.1', '6.1', '6.1', '6.1', '6.1', '6.1', '6.2']","['6.1', '6.1', '6.2', '6.1', '6.2', '6.1', '6.2', '6.1', '6.1', '6.1', '6.2', 'tie', 'tie', '6.2', '6.2', 'tie', '6.1', '6.2', '6.1', '6.1', '6.2', '6.1', '6.2', '6.2', '6.2', '6.2', '6.2', '6.2', '6.2', '6.2', '6.1', '6.2', '6.2', '6.2', '6.2', '6.2', '6.2', '6.1']",8.0,"['6.2', '6.2', '6.1', '6.2', '6.1', '6.2', '6.1', '6.2', '6.2', '6.2', '6.1', '6.1', '6.1', '6.2', '6.1', '6.2', '6.2', '6.1', '6.2', '6.1', '6.1', '6.1', '6.1', '6.1', '6.1', '6.1', '6.1', '6.2', '6.1', '6.1', '6.1', '6.1', '6.1', '6.1', '6.2']","['6.1', '6.1', '6.2', '6.1', '6.2', '6.1', '6.2', '6.1', '6.1', '6.1', '6.2', '6.2', '6.2', '6.1', '6.2', '6.1', '6.1', '6.2', '6.1', '6.2', '6.2', '6.2', '6.2', '6.2', '6.2', '6.2', '6.2', '6.1', '6.2', '6.2', '6.2', '6.2', '6.2', '6.2', '6.1']",6.1,6.2,22,13,3,38,9,0.6285714285714286,0.5789473684210527,False,0.07894736842105263,6
31,"('6.1', '6.3')","['6.1', '6.3', '6.1', '6.1', '6.1', '6.1', '6.3', '6.1', '6.3', '6.3', '6.3', '6.3', '6.3', '6.1', '6.3', '6.3', '6.3', '6.3', '6.3', '6.3', '6.3', '6.3', '6.3', '6.1', '6.1', '6.1', 'tie', '6.3', '6.3', '6.3', '6.1', '6.3', '6.3', 'tie', '6.3', '6.3', '6.3', '6.3']","['6.3', '6.1', '6.3', '6.3', '6.3', '6.3', '6.1', '6.3', '6.1', '6.1', '6.1', '6.1', '6.1', '6.3', '6.1', '6.1', '6.1', '6.1', '6.1', '6.1', '6.1', '6.1', '6.1', '6.3', '6.3', '6.3', 'tie', '6.1', '6.1', '6.1', '6.3', '6.1', '6.1', 'tie', '6.1', '6.1', '6.1', '6.1']",5.5,"['6.1', '6.3', '6.1', '6.1', '6.1', '6.1', '6.3', '6.1', '6.3', '6.3', '6.3', '6.3', '6.3', '6.1', '6.3', '6.3', '6.3', '6.3', '6.3', '6.3', '6.3', '6.3', '6.3', '6.1', '6.1', '6.1', '6.3', '6.3', '6.3', '6.1', '6.3', '6.3', '6.3', '6.3', '6.3', '6.3']","['6.3', '6.1', '6.3', '6.3', '6.3', '6.3', '6.1', '6.3', '6.1', '6.1', '6.1', '6.1', '6.1', '6.3', '6.1', '6.1', '6.1', '6.1', '6.1', '6.1', '6.1', '6.1', '6.1', '6.3', '6.3', '6.3', '6.1', '6.1', '6.1', '6.3', '6.1', '6.1', '6.1', '6.1', '6.1', '6.1']",6.3,6.1,25,11,2,38,14,0.6944444444444444,0.6578947368421053,False,0.05263157894736842,6
32,"('6.1', '6.4')","['6.4', '6.1', '6.1', '6.1', '6.1', '6.4', '6.1', '6.1', '6.4', 'tie', '6.4', '6.4', '6.4', '6.4', '6.1', '6.1', '6.1', '6.4', '6.4', '6.4', '6.4', '6.4', '6.4', '6.4', '6.4', '6.4', '6.4', '6.4', '6.4', '6.4', '6.4', '6.4', '6.4', '6.1', 'tie', '6.1', '6.1', '6.1']","['6.1', '6.4', '6.4', '6.4', '6.4', '6.1', '6.4', '6.4', '6.1', 'tie', '6.1', '6.1', '6.1', '6.1', '6.4', '6.4', '6.4', '6.1', '6.1', '6.1', '6.1', '6.1', '6.1', '6.1', '6.1', '6.1', '6.1', '6.1', '6.1', '6.1', '6.1', '6.1', '6.1', '6.4', 'tie', '6.4', '6.4', '6.4']",3.5,"['6.4', '6.1', '6.1', '6.1', '6.1', '6.4', '6.1', '6.1', '6.4', '6.4', '6.4', '6.4', '6.4', '6.1', '6.1', '6.1', '6.4', '6.4', '6.4', '6.4', '6.4', '6.4', '6.4', '6.4', '6.4', '6.4', '6.4', '6.4', '6.4', '6.4', '6.4', '6.4', '6.1', '6.1', '6.1', '6.1']","['6.1', '6.4', '6.4', '6.4', '6.4', '6.1', '6.4', '6.4', '6.1', '6.1', '6.1', '6.1', '6.1', '6.4', '6.4', '6.4', '6.1', '6.1', '6.1', '6.1', '6.1', '6.1', '6.1', '6.1', '6.1', '6.1', '6.1', '6.1', '6.1', '6.1', '6.1', '6.1', '6.4', '6.4', '6.4', '6.4']",6.4,6.1,23,13,2,38,10,0.6388888888888888,0.6052631578947368,False,0.05263157894736842,6
33,"('6.2', '6.3')","['6.3', '6.3', '6.3', '6.3', '6.3', '6.3', '6.2', '6.3', '6.3', '6.3', '6.3', '6.3', '6.3', '6.3', '6.3', '6.3', '6.3', '6.3', '6.3', '6.3', '6.2', '6.3', '6.3', '6.3', '6.3', '6.3', '6.3', '6.3', '6.3', '6.3', '6.3', '6.3', '6.3', '6.3', '6.3', '6.3', '6.3', '6.3']","['6.2', '6.2', '6.2', '6.2', '6.2', '6.2', '6.3', '6.2', '6.2', '6.2', '6.2', '6.2', '6.2', '6.2', '6.2', '6.2', '6.2', '6.2', '6.2', '6.2', '6.3', '6.2', '6.2', '6.2', '6.2', '6.2', '6.2', '6.2', '6.2', '6.2', '6.2', '6.2', '6.2', '6.2', '6.2', '6.2', '6.2', '6.2']",2.0,"['6.3', '6.3', '6.3', '6.3', '6.3', '6.3', '6.2', '6.3', '6.3', '6.3', '6.3', '6.3', '6.3', '6.3', '6.3', '6.3', '6.3', '6.3', '6.3', '6.3', '6.2', '6.3', '6.3', '6.3', '6.3', '6.3', '6.3', '6.3', '6.3', '6.3', '6.3', '6.3', '6.3', '6.3', '6.3', '6.3', '6.3', '6.3']","['6.2', '6.2', '6.2', '6.2', '6.2', '6.2', '6.3', '6.2', '6.2', '6.2', '6.2', '6.2', '6.2', '6.2', '6.2', '6.2', '6.2', '6.2', '6.2', '6.2', '6.3', '6.2', '6.2', '6.2', '6.2', '6.2', '6.2', '6.2', '6.2', '6.2', '6.2', '6.2', '6.2', '6.2', '6.2', '6.2', '6.2', '6.2']",6.3,6.2,36,2,0,38,34,0.9473684210526315,0.9473684210526315,False,0.0,6
34,"('6.2', '6.4')","['6.4', '6.4', '6.2', '6.2', '6.4', '6.4', '6.4', '6.4', '6.4', '6.4', '6.4', '6.4', '6.4', '6.4', '6.4', '6.4', '6.4', '6.4', '6.4', '6.4', '6.4', '6.2', '6.4', '6.4', '6.4', '6.4', '6.4', '6.4', '6.4', '6.4', '6.4', '6.4', '6.4', '6.4', '6.4', '6.4', '6.4', '6.4']","['6.2', '6.2', '6.4', '6.4', '6.2', '6.2', '6.2', '6.2', '6.2', '6.2', '6.2', '6.2', '6.2', '6.2', '6.2', '6.2', '6.2', '6.2', '6.2', '6.2', '6.2', '6.4', '6.2', '6.2', '6.2', '6.2', '6.2', '6.2', '6.2', '6.2', '6.2', '6.2', '6.2', '6.2', '6.2', '6.2', '6.2', '6.2']",2.0,"['6.4', '6.4', '6.2', '6.2', '6.4', '6.4', '6.4', '6.4', '6.4', '6.4', '6.4', '6.4', '6.4', '6.4', '6.4', '6.4', '6.4', '6.4', '6.4', '6.4', '6.4', '6.2', '6.4', '6.4', '6.4', '6.4', '6.4', '6.4', '6.4', '6.4', '6.4', '6.4', '6.4', '6.4', '6.4', '6.4', '6.4', '6.4']","['6.2', '6.2', '6.4', '6.4', '6.2', '6.2', '6.2', '6.2', '6.2', '6.2', '6.2', '6.2', '6.2', '6.2', '6.2', '6.2', '6.2', '6.2', '6.2', '6.2', '6.2', '6.4', '6.2', '6.2', '6.2', '6.2', '6.2', '6.2', '6.2', '6.2', '6.2', '6.2', '6.2', '6.2', '6.2', '6.2', '6.2', '6.2']",6.4,6.2,35,3,0,38,32,0.9210526315789473,0.9210526315789473,False,0.0,6
35,"('6.3', '6.4')","['6.3', '6.4', '6.4', '6.4', '6.3', '6.4', '6.3', '6.4', '6.3', '6.3', '6.3', '6.3', '6.3', '6.4', '6.3', '6.4', '6.3', '6.3', '6.3', '6.3', '6.3', '6.3', '6.3', '6.3', '6.3', '6.4', '6.3', '6.3', '6.3', '6.3', '6.4', '6.3', '6.3', '6.3', '6.3', '6.3', '6.3', '6.3']","['6.4', '6.3', '6.3', '6.3', '6.4', '6.3', '6.4', '6.3', '6.4', '6.4', '6.4', '6.4', '6.4', '6.3', '6.4', '6.3', '6.4', '6.4', '6.4', '6.4', '6.4', '6.4', '6.4', '6.4', '6.4', '6.3', '6.4', '6.4', '6.4', '6.4', '6.3', '6.4', '6.4', '6.4', '6.4', '6.4', '6.4', '6.4']",7.0,"['6.3', '6.4', '6.4', '6.4', '6.3', '6.4', '6.3', '6.4', '6.3', '6.3', '6.3', '6.3', '6.3', '6.4', '6.3', '6.4', '6.3', '6.3', '6.3', '6.3', '6.3', '6.3', '6.3', '6.3', '6.3', '6.4', '6.3', '6.3', '6.3', '6.3', '6.4', '6.3', '6.3', '6.3', '6.3', '6.3', '6.3', '6.3']","['6.4', '6.3', '6.3', '6.3', '6.4', '6.3', '6.4', '6.3', '6.4', '6.4', '6.4', '6.4', '6.4', '6.3', '6.4', '6.3', '6.4', '6.4', '6.4', '6.4', '6.4', '6.4', '6.4', '6.4', '6.4', '6.3', '6.4', '6.4', '6.4', '6.4', '6.3', '6.4', '6.4', '6.4', '6.4', '6.4', '6.4', '6.4']",6.3,6.4,29,9,0,38,20,0.7631578947368421,0.7631578947368421,False,0.0,6
